policy,candle,fee_bps
PegCapture,60,23.86
PegCapture,61,23.75
PegCapture,64,42.27
PegCapture,68,21.97
PegCapture,69,23.28
PegCapture,70,55.98
PegCapture,71,40.67
PegCapture,75,28.49
PegCapture,76,52.99
PegCapture,77,28.15
PegCapture,79,18.57
PegCapture,80,21.59
PegCapture,82,40.76
PegCapture,83,19.3
PegCapture,87,63.24
PegCapture,88,49.0
PegCapture,89,77.36
PegCapture,90,56.04
PegCapture,92,20.88
PegCapture,94,75.66
PegCapture,95,29.22
PegCapture,97,55.07
PegCapture,98,38.24
PegCapture,99,33.11
PegCapture,101,39.02
PegCapture,103,17.73
PegCapture,105,30.71
PegCapture,108,42.49
PegCapture,109,24.61
PegCapture,110,25.08
PegCapture,113,23.53
PegCapture,115,30.61
PegCapture,116,40.04
PegCapture,117,24.4
PegCapture,118,24.4
PegCapture,120,37.24
PegCapture,121,22.59
PegCapture,123,47.33
PegCapture,126,62.13
PegCapture,127,30.96
PegCapture,128,19.41
PegCapture,129,29.81
PegCapture,130,31.37
PegCapture,139,30.33
PegCapture,141,26.74
PegCapture,142,24.19
PegCapture,144,40.74
PegCapture,145,28.16
PegCapture,146,21.88
PegCapture,149,31.48
PegCapture,150,51.27
PegCapture,152,27.27
PegCapture,153,41.72
PegCapture,154,38.81
PegCapture,162,20.02
PegCapture,163,52.39
PegCapture,166,35.21
PegCapture,167,74.13
PegCapture,168,61.41
PegCapture,169,43.07
PegCapture,170,73.33
PegCapture,171,83.72
PegCapture,172,44.62
PegCapture,173,24.26
PegCapture,175,34.48
PegCapture,180,67.43
PegCapture,181,46.87
PegCapture,184,38.12
PegCapture,185,26.1
PegCapture,191,37.2
PegCapture,192,20.53
PegCapture,195,48.15
PegCapture,196,44.81
PegCapture,197,52.63
PegCapture,198,23.92
PegCapture,199,21.36
PegCapture,202,35.67
PegCapture,203,39.56
PegCapture,205,34.87
PegCapture,208,23.08
PegCapture,210,22.07
PegCapture,211,23.01
PegCapture,212,26.64
PegCapture,216,35.04
PegCapture,217,34.37
PegCapture,218,29.24
PegCapture,220,18.77
PegCapture,222,23.23
PegCapture,224,17.8
PegCapture,225,27.36
PegCapture,226,21.55
PegCapture,234,35.29
PegCapture,235,22.1
PegCapture,238,27.32
PegCapture,239,29.38
PegCapture,242,30.35
PegCapture,244,74.28
PegCapture,246,35.55
PegCapture,247,31.56
PegCapture,249,31.88
PegCapture,251,30.36
PegCapture,252,18.27
PegCapture,254,24.39
PegCapture,255,24.28
PegCapture,256,22.47
PegCapture,258,35.0
PegCapture,261,31.72
PegCapture,262,19.5
PegCapture,263,37.4
PegCapture,264,45.98
PegCapture,265,41.88
PegCapture,266,33.87
PegCapture,269,31.31
PegCapture,270,24.13
PegCapture,275,26.12
PegCapture,276,20.76
PegCapture,279,40.43
PegCapture,280,21.35
PegCapture,287,32.16
PegCapture,288,37.12
PegCapture,289,36.44
PegCapture,290,28.55
PegCapture,293,20.5
PegCapture,295,40.86
PegCapture,298,39.27
PegCapture,301,47.95
PegCapture,302,47.25
PegCapture,303,34.49
PegCapture,306,20.81
PegCapture,307,42.6
PegCapture,308,51.43
PegCapture,309,70.15
PegCapture,310,29.69
PegCapture,311,38.42
PegCapture,313,28.27
PegCapture,314,21.21
PegCapture,315,46.31
PegCapture,316,18.61
PegCapture,319,23.78
PegCapture,321,76.89
PegCapture,322,100.0
PegCapture,323,63.26
PegCapture,324,36.49
PegCapture,325,75.03
PegCapture,326,33.06
PegCapture,329,27.34
PegCapture,330,50.61
PegCapture,331,45.22
PegCapture,332,46.89
PegCapture,333,20.01
PegCapture,334,70.11
PegCapture,335,31.05
PegCapture,337,69.13
PegCapture,338,42.71
PegCapture,343,27.64
PegCapture,344,23.81
PegCapture,345,36.17
PegCapture,346,77.05
PegCapture,347,30.01
PegCapture,351,37.87
PegCapture,352,22.03
PegCapture,356,22.26
PegCapture,357,25.04
PegCapture,359,43.28
PegCapture,361,24.1
PegCapture,364,64.03
PegCapture,365,31.03
PegCapture,366,32.39
PegCapture,371,37.11
PegCapture,372,28.05
PegCapture,373,25.1
PegCapture,375,21.78
PegCapture,378,67.16
PegCapture,379,59.0
PegCapture,380,30.22
PegCapture,383,36.37
PegCapture,386,20.23
PegCapture,389,37.82
PegCapture,391,27.61
PegCapture,396,47.39
PegCapture,397,33.71
PegCapture,401,36.68
PegCapture,402,63.08
PegCapture,403,42.0
PegCapture,404,21.12
PegCapture,405,21.7
PegCapture,407,23.61
PegCapture,410,19.43
PegCapture,411,22.38
PegCapture,412,29.26
PegCapture,421,19.87
PegCapture,422,33.02
PegCapture,423,58.38
PegCapture,426,36.08
PegCapture,427,60.3
PegCapture,428,100.0
PegCapture,429,21.2
PegCapture,432,25.14
PegCapture,434,21.18
PegCapture,435,50.95
PegCapture,436,80.14
PegCapture,437,28.9
PegCapture,444,44.38
PegCapture,446,43.38
PegCapture,450,21.55
PegCapture,457,23.53
PegCapture,459,24.46
PegCapture,461,18.06
PegCapture,462,32.5
PegCapture,464,27.91
PegCapture,465,25.56
PegCapture,466,21.04
PegCapture,473,20.24
PegCapture,475,63.5
PegCapture,478,22.82
PegCapture,480,58.19
PegCapture,481,19.51
PegCapture,483,80.23
PegCapture,485,28.1
PegCapture,487,58.74
PegCapture,488,49.81
PegCapture,489,63.56
PegCapture,490,71.6
PegCapture,491,25.16
PegCapture,492,21.92
PegCapture,493,33.03
PegCapture,494,32.42
PegCapture,495,17.27
PegCapture,496,62.15
PegCapture,497,42.44
PegCapture,498,19.99
PegCapture,500,17.86
PegCapture,501,68.08
PegCapture,502,43.54
PegCapture,504,18.17
PegCapture,506,22.2
PegCapture,507,32.4
PegCapture,508,24.6
PegCapture,509,31.48
PegCapture,510,25.93
PegCapture,513,31.51
PegCapture,514,35.03
PegCapture,518,62.64
PegCapture,519,65.72
PegCapture,520,40.36
PegCapture,521,61.43
PegCapture,523,26.36
PegCapture,525,33.45
PegCapture,527,36.21
PegCapture,528,26.05
PegCapture,529,27.06
PegCapture,531,18.75
PegCapture,532,22.21
PegCapture,536,27.76
PegCapture,537,39.96
PegCapture,541,21.3
PegCapture,542,30.35
PegCapture,545,49.45
PegCapture,551,53.22
PegCapture,554,17.99
PegCapture,555,23.39
PegCapture,558,34.76
PegCapture,559,25.87
PegCapture,560,30.01
PegCapture,562,40.19
PegCapture,563,17.99
PegCapture,564,18.28
PegCapture,566,25.9
PegCapture,570,22.97
PegCapture,571,34.86
PegCapture,572,46.95
PegCapture,573,60.72
PegCapture,574,29.27
PegCapture,581,28.82
PegCapture,589,20.83
PegCapture,590,59.43
PegCapture,591,43.16
PegCapture,592,29.43
PegCapture,593,46.21
PegCapture,594,17.39
PegCapture,596,43.04
PegCapture,598,18.91
PegCapture,600,53.5
PegCapture,601,34.51
PegCapture,603,22.13
PegCapture,605,22.35
PegCapture,614,48.92
PegCapture,615,26.0
PegCapture,616,33.39
PegCapture,618,18.43
PegCapture,623,22.47
PegCapture,624,18.47
PegCapture,626,18.71
PegCapture,627,23.75
PegCapture,628,24.53
PegCapture,630,38.42
PegCapture,631,33.19
PegCapture,636,23.97
PegCapture,637,19.87
PegCapture,642,23.65
PegCapture,643,40.09
PegCapture,647,21.69
PegCapture,648,20.83
PegCapture,653,21.25
PegCapture,654,19.36
PegCapture,655,30.04
PegCapture,660,62.71
PegCapture,661,26.06
PegCapture,663,31.75
PegCapture,665,24.47
PegCapture,666,25.51
PegCapture,670,34.77
PegCapture,674,29.87
PegCapture,676,54.36
PegCapture,678,38.98
PegCapture,679,40.15
PegCapture,680,19.88
PegCapture,681,25.8
PegCapture,682,19.22
PegCapture,687,21.5
PegCapture,690,23.91
PegCapture,691,17.92
PegCapture,692,62.56
PegCapture,694,28.46
PegCapture,695,34.78
PegCapture,697,18.49
PegCapture,699,19.18
PegCapture,704,25.28
PegCapture,707,23.8
PegCapture,710,27.12
PegCapture,712,36.21
PegCapture,714,19.66
PegCapture,716,24.88
PegCapture,719,53.78
PegCapture,720,36.98
PegCapture,723,19.16
PegCapture,724,22.96
PegCapture,726,25.79
PegCapture,728,40.85
PegCapture,729,49.97
PegCapture,735,18.16
PegCapture,740,26.85
PegCapture,741,23.3
PegCapture,742,25.79
PegCapture,743,43.98
PegCapture,744,28.63
PegCapture,751,32.58
PegCapture,754,50.88
PegCapture,755,45.14
PegCapture,756,56.69
PegCapture,757,34.19
PegCapture,758,75.43
PegCapture,759,92.93
PegCapture,760,45.21
PegCapture,763,18.27
PegCapture,767,54.95
PegCapture,768,25.08
PegCapture,770,49.95
PegCapture,771,34.71
PegCapture,772,31.85
PegCapture,777,28.5
PegCapture,781,46.6
PegCapture,788,42.13
PegCapture,791,28.97
PegCapture,794,42.33
PegCapture,795,35.26
PegCapture,796,23.25
PegCapture,799,21.72
PegCapture,802,29.67
PegCapture,803,48.57
PegCapture,807,17.9
PegCapture,812,33.94
PegCapture,817,25.01
PegCapture,821,21.97
PegCapture,822,32.7
PegCapture,823,24.8
PegCapture,826,46.54
PegCapture,828,18.04
PegCapture,831,18.23
PegCapture,834,33.79
PegCapture,835,79.17
PegCapture,836,46.25
PegCapture,840,25.12
PegCapture,841,40.8
PegCapture,842,39.99
PegCapture,855,43.43
PegCapture,857,74.33
PegCapture,862,21.43
PegCapture,866,24.59
PegCapture,869,22.33
PegCapture,870,33.84
PegCapture,871,22.17
PegCapture,877,20.43
PegCapture,882,24.48
PegCapture,883,45.36
PegCapture,885,24.82
PegCapture,886,20.82
PegCapture,895,24.75
PegCapture,898,31.1
PegCapture,899,17.74
PegCapture,900,19.03
PegCapture,905,24.35
PegCapture,907,27.02
PegCapture,910,25.6
PegCapture,916,31.44
PegCapture,921,21.56
PegCapture,926,27.43
PegCapture,930,18.45
PegCapture,938,26.57
PegCapture,942,17.94
PegCapture,944,19.23
PegCapture,949,21.47
PegCapture,954,17.85
PegCapture,960,28.52
PegCapture,962,43.49
PegCapture,963,93.13
PegCapture,964,42.15
PegCapture,966,19.58
PegCapture,967,34.14
PegCapture,968,48.48
PegCapture,969,20.33
PegCapture,971,59.2
PegCapture,972,38.28
PegCapture,975,34.42
PegCapture,976,41.29
PegCapture,977,24.42
PegCapture,978,19.39
PegCapture,990,47.95
PegCapture,991,31.34
PegCapture,992,31.42
PegCapture,994,21.68
PegCapture,995,26.46
PegCapture,1009,65.46
PegCapture,1010,38.91
PegCapture,1013,18.01
PegCapture,1025,25.67
PegCapture,1026,23.9
PegCapture,1027,17.71
PegCapture,1028,19.91
PegCapture,1029,18.35
PegCapture,1035,27.16
PegCapture,1037,32.76
PegCapture,1041,31.47
PegCapture,1042,18.44
PegCapture,1046,17.81
PegCapture,1051,26.13
PegCapture,1052,20.47
PegCapture,1053,38.1
PegCapture,1055,18.14
PegCapture,1058,26.46
PegCapture,1059,18.37
PegCapture,1060,21.09
PegCapture,1064,31.02
PegCapture,1070,18.89
PegCapture,1071,30.92
PegCapture,1079,23.31
PegCapture,1080,38.6
PegCapture,1081,21.53
PegCapture,1082,28.83
PegCapture,1086,21.05
PegCapture,1087,24.93
PegCapture,1088,17.92
PegCapture,1090,18.23
PegCapture,1091,26.58
PegCapture,1093,26.23
PegCapture,1096,19.3
PegCapture,1097,34.7
PegCapture,1103,34.82
PegCapture,1105,45.08
PegCapture,1106,47.21
PegCapture,1107,47.02
PegCapture,1108,22.58
PegCapture,1111,31.54
PegCapture,1112,31.33
PegCapture,1113,28.9
PegCapture,1114,27.84
PegCapture,1119,18.26
PegCapture,1124,27.41
PegCapture,1125,25.32
PegCapture,1127,34.71
PegCapture,1128,44.59
PegCapture,1132,25.3
PegCapture,1133,23.07
PegCapture,1135,25.38
PegCapture,1137,19.62
PegCapture,1153,21.21
PegCapture,1163,30.01
PegCapture,1164,20.42
PegCapture,1165,40.33
PegCapture,1167,18.15
PegCapture,1179,22.28
PegCapture,1182,77.0
PegCapture,1185,18.18
PegCapture,1187,25.34
PegCapture,1196,26.17
PegCapture,1200,31.61
PegCapture,1204,18.57
PegCapture,1208,22.81
PegCapture,1211,32.53
PegCapture,1213,35.99
PegCapture,1217,18.52
PegCapture,1221,29.17
PegCapture,1225,31.64
PegCapture,1226,22.01
PegCapture,1237,31.72
PegCapture,1238,26.62
PegCapture,1242,25.83
PegCapture,1245,26.5
PegCapture,1246,26.12
PegCapture,1261,43.97
PegCapture,1262,18.66
PegCapture,1272,24.16
PegCapture,1274,18.82
PegCapture,1277,20.01
PegCapture,1278,30.69
PegCapture,1279,19.82
PegCapture,1293,27.38
PegCapture,1296,20.0
PegCapture,1303,18.04
PegCapture,1307,18.03
PegCapture,1309,21.97
PegCapture,1312,18.78
PegCapture,1314,20.61
PegCapture,1325,29.39
PegCapture,1326,17.86
PegCapture,1327,34.19
PegCapture,1328,29.24
PegCapture,1332,21.15
PegCapture,1333,26.55
PegCapture,1334,29.76
PegCapture,1338,25.93
PegCapture,1339,22.1
PegCapture,1341,26.05
PegCapture,1344,18.87
PegCapture,1348,20.98
PegCapture,1358,20.19
PegCapture,1359,18.13
PegCapture,1366,19.93
PegCapture,1367,19.85
PegCapture,1368,34.05
PegCapture,1369,25.16
PegCapture,1380,19.9
PegCapture,1381,27.85
PegCapture,1385,19.89
PegCapture,1390,20.88
PegCapture,1391,27.05
PegCapture,1395,29.06
PegCapture,1396,20.45
PegCapture,1402,25.1
PegCapture,1411,18.55
PegCapture,1421,23.26
PegCapture,1422,23.17
PegCapture,1431,19.54
PegCapture,1432,25.31
PegCapture,1433,32.34
BAHook,60,15.0
BAHook,60,46.0
BAHook,61,20.0
BAHook,61,41.0
BAHook,62,25.0
BAHook,62,36.0
BAHook,63,30.0
BAHook,63,41.0
BAHook,64,36.0
BAHook,64,25.0
BAHook,65,30.0
BAHook,65,41.0
BAHook,66,25.0
BAHook,66,46.0
BAHook,67,20.0
BAHook,67,41.0
BAHook,68,25.0
BAHook,68,46.0
BAHook,69,20.0
BAHook,69,51.0
BAHook,70,56.0
BAHook,70,15.0
BAHook,71,10.0
BAHook,71,61.0
BAHook,72,5.0
BAHook,72,56.0
BAHook,72,10.0
BAHook,73,10.0
BAHook,73,51.0
BAHook,74,15.0
BAHook,74,46.0
BAHook,75,51.0
BAHook,75,20.0
BAHook,76,15.0
BAHook,76,46.0
BAHook,76,20.0
BAHook,77,20.0
BAHook,77,41.0
BAHook,78,25.0
BAHook,78,46.0
BAHook,79,20.0
BAHook,79,41.0
BAHook,80,25.0
BAHook,80,36.0
BAHook,81,31.0
BAHook,81,30.0
BAHook,82,35.0
BAHook,82,26.0
BAHook,83,40.0
BAHook,83,31.0
BAHook,84,35.0
BAHook,84,36.0
BAHook,85,30.0
BAHook,85,31.0
BAHook,86,26.0
BAHook,86,35.0
BAHook,87,40.0
BAHook,87,31.0
BAHook,87,31.0
BAHook,88,35.0
BAHook,88,36.0
BAHook,89,30.0
BAHook,89,41.0
BAHook,89,25.0
BAHook,90,46.0
BAHook,90,25.0
BAHook,90,20.0
BAHook,91,41.0
BAHook,91,20.0
BAHook,92,25.0
BAHook,92,36.0
BAHook,93,30.0
BAHook,93,41.0
BAHook,94,25.0
BAHook,94,46.0
BAHook,95,25.0
BAHook,95,20.0
BAHook,95,41.0
BAHook,96,36.0
BAHook,96,25.0
BAHook,97,30.0
BAHook,97,31.0
BAHook,97,35.0
BAHook,98,35.0
BAHook,98,26.0
BAHook,99,40.0
BAHook,99,21.0
BAHook,100,45.0
BAHook,100,26.0
BAHook,101,21.0
BAHook,101,40.0
BAHook,102,26.0
BAHook,102,45.0
BAHook,103,40.0
BAHook,103,21.0
BAHook,104,45.0
BAHook,104,26.0
BAHook,105,40.0
BAHook,105,21.0
BAHook,106,45.0
BAHook,106,26.0
BAHook,107,21.0
BAHook,107,40.0
BAHook,108,45.0
BAHook,108,16.0
BAHook,109,50.0
BAHook,109,11.0
BAHook,110,55.0
BAHook,110,16.0
BAHook,111,50.0
BAHook,111,11.0
BAHook,112,55.0
BAHook,112,16.0
BAHook,113,21.0
BAHook,113,50.0
BAHook,114,45.0
BAHook,114,16.0
BAHook,115,50.0
BAHook,115,21.0
BAHook,116,45.0
BAHook,116,26.0
BAHook,116,40.0
BAHook,117,31.0
BAHook,117,40.0
BAHook,118,36.0
BAHook,118,35.0
BAHook,119,30.0
BAHook,119,31.0
BAHook,120,35.0
BAHook,120,36.0
BAHook,121,30.0
BAHook,121,41.0
BAHook,122,25.0
BAHook,122,36.0
BAHook,123,30.0
BAHook,123,41.0
BAHook,124,36.0
BAHook,124,25.0
BAHook,125,30.0
BAHook,125,31.0
BAHook,125,35.0
BAHook,126,35.0
BAHook,126,26.0
BAHook,126,40.0
BAHook,127,40.0
BAHook,127,31.0
BAHook,128,35.0
BAHook,128,26.0
BAHook,129,21.0
BAHook,129,40.0
BAHook,130,45.0
BAHook,130,16.0
BAHook,131,50.0
BAHook,131,21.0
BAHook,132,45.0
BAHook,132,26.0
BAHook,133,40.0
BAHook,133,21.0
BAHook,134,50.0
BAHook,134,16.0
BAHook,134,45.0
BAHook,135,50.0
BAHook,135,21.0
BAHook,136,45.0
BAHook,136,26.0
BAHook,137,40.0
BAHook,137,31.0
BAHook,138,35.0
BAHook,138,26.0
BAHook,139,21.0
BAHook,139,40.0
BAHook,140,45.0
BAHook,140,26.0
BAHook,141,40.0
BAHook,141,31.0
BAHook,142,35.0
BAHook,142,36.0
BAHook,143,30.0
BAHook,143,31.0
BAHook,144,35.0
BAHook,144,36.0
BAHook,145,30.0
BAHook,145,41.0
BAHook,146,46.0
BAHook,146,25.0
BAHook,147,20.0
BAHook,147,41.0
BAHook,148,25.0
BAHook,148,46.0
BAHook,148,20.0
BAHook,149,20.0
BAHook,149,51.0
BAHook,150,15.0
BAHook,150,46.0
BAHook,150,20.0
BAHook,151,51.0
BAHook,151,20.0
BAHook,152,15.0
BAHook,152,46.0
BAHook,153,20.0
BAHook,153,41.0
BAHook,154,25.0
BAHook,154,36.0
BAHook,154,30.0
BAHook,155,30.0
BAHook,155,41.0
BAHook,156,46.0
BAHook,156,25.0
BAHook,157,20.0
BAHook,157,41.0
BAHook,158,25.0
BAHook,158,36.0
BAHook,159,30.0
BAHook,159,41.0
BAHook,160,25.0
BAHook,160,46.0
BAHook,161,20.0
BAHook,161,41.0
BAHook,162,46.0
BAHook,162,25.0
BAHook,163,20.0
BAHook,163,41.0
BAHook,163,25.0
BAHook,164,25.0
BAHook,164,46.0
BAHook,165,20.0
BAHook,165,51.0
BAHook,166,15.0
BAHook,166,56.0
BAHook,167,61.0
BAHook,167,10.0
BAHook,168,5.0
BAHook,168,66.0
BAHook,169,1.0
BAHook,169,71.0
BAHook,170,1.0
BAHook,170,76.0
BAHook,171,1.0
BAHook,171,81.0
BAHook,172,1.0
BAHook,172,86.0
BAHook,172,1.0
BAHook,173,1.0
BAHook,173,91.0
BAHook,174,1.0
BAHook,174,86.0
BAHook,175,6.0
BAHook,175,91.0
BAHook,176,1.0
BAHook,176,86.0
BAHook,177,6.0
BAHook,177,91.0
BAHook,178,86.0
BAHook,178,1.0
BAHook,179,6.0
BAHook,179,91.0
BAHook,180,1.0
BAHook,180,86.0
BAHook,181,6.0
BAHook,181,81.0
BAHook,182,11.0
BAHook,182,86.0
BAHook,183,91.0
BAHook,183,6.0
BAHook,184,1.0
BAHook,184,86.0
BAHook,185,6.0
BAHook,185,91.0
BAHook,186,1.0
BAHook,186,86.0
BAHook,187,6.0
BAHook,187,81.0
BAHook,188,11.0
BAHook,188,86.0
BAHook,189,81.0
BAHook,189,6.0
BAHook,190,76.0
BAHook,190,11.0
BAHook,191,16.0
BAHook,191,71.0
BAHook,192,21.0
BAHook,192,66.0
BAHook,193,26.0
BAHook,193,61.0
BAHook,194,31.0
BAHook,194,66.0
BAHook,195,26.0
BAHook,195,61.0
BAHook,196,56.0
BAHook,196,31.0
BAHook,197,36.0
BAHook,197,51.0
BAHook,198,41.0
BAHook,198,56.0
BAHook,199,36.0
BAHook,199,51.0
BAHook,200,41.0
BAHook,200,56.0
BAHook,201,61.0
BAHook,201,36.0
BAHook,202,31.0
BAHook,202,56.0
BAHook,203,36.0
BAHook,203,51.0
BAHook,204,41.0
BAHook,204,56.0
BAHook,205,36.0
BAHook,205,51.0
BAHook,206,56.0
BAHook,206,41.0
BAHook,207,36.0
BAHook,207,61.0
BAHook,208,31.0
BAHook,208,66.0
BAHook,209,26.0
BAHook,209,61.0
BAHook,210,31.0
BAHook,210,66.0
BAHook,211,26.0
BAHook,211,61.0
BAHook,212,66.0
BAHook,212,31.0
BAHook,213,26.0
BAHook,213,61.0
BAHook,214,31.0
BAHook,214,66.0
BAHook,215,26.0
BAHook,215,71.0
BAHook,216,21.0
BAHook,216,76.0
BAHook,217,81.0
BAHook,217,16.0
BAHook,218,11.0
BAHook,218,76.0
BAHook,219,16.0
BAHook,219,81.0
BAHook,220,11.0
BAHook,220,86.0
BAHook,221,6.0
BAHook,221,91.0
BAHook,222,96.0
BAHook,222,1.0
BAHook,223,91.0
BAHook,223,1.0
BAHook,224,6.0
BAHook,224,86.0
BAHook,225,11.0
BAHook,225,81.0
BAHook,226,16.0
BAHook,226,76.0
BAHook,227,21.0
BAHook,227,81.0
BAHook,228,86.0
BAHook,228,16.0
BAHook,229,11.0
BAHook,229,81.0
BAHook,230,16.0
BAHook,230,86.0
BAHook,231,11.0
BAHook,231,81.0
BAHook,232,16.0
BAHook,232,76.0
BAHook,233,21.0
BAHook,233,71.0
BAHook,234,26.0
BAHook,234,66.0
BAHook,235,61.0
BAHook,235,31.0
BAHook,236,56.0
BAHook,236,36.0
BAHook,237,41.0
BAHook,237,61.0
BAHook,238,36.0
BAHook,238,66.0
BAHook,239,31.0
BAHook,239,71.0
BAHook,240,26.0
BAHook,240,66.0
BAHook,241,31.0
BAHook,241,71.0
BAHook,242,66.0
BAHook,242,26.0
BAHook,243,31.0
BAHook,243,61.0
BAHook,244,36.0
BAHook,244,56.0
BAHook,245,41.0
BAHook,245,61.0
BAHook,246,36.0
BAHook,246,56.0
BAHook,247,61.0
BAHook,247,41.0
BAHook,248,56.0
BAHook,248,36.0
BAHook,249,41.0
BAHook,249,61.0
BAHook,250,36.0
BAHook,250,56.0
BAHook,251,41.0
BAHook,251,51.0
BAHook,252,46.0
BAHook,252,46.0
BAHook,253,51.0
BAHook,253,51.0
BAHook,254,46.0
BAHook,254,46.0
BAHook,255,51.0
BAHook,255,41.0
BAHook,256,56.0
BAHook,256,36.0
BAHook,257,61.0
BAHook,257,41.0
BAHook,258,56.0
BAHook,258,36.0
BAHook,259,41.0
BAHook,259,61.0
BAHook,260,56.0
BAHook,260,36.0
BAHook,261,61.0
BAHook,261,31.0
BAHook,262,66.0
BAHook,262,36.0
BAHook,263,61.0
BAHook,263,41.0
BAHook,264,46.0
BAHook,264,56.0
BAHook,265,51.0
BAHook,265,51.0
BAHook,266,46.0
BAHook,266,56.0
BAHook,267,41.0
BAHook,267,51.0
BAHook,268,46.0
BAHook,268,56.0
BAHook,269,41.0
BAHook,269,61.0
BAHook,270,66.0
BAHook,270,36.0
BAHook,271,31.0
BAHook,271,61.0
BAHook,272,36.0
BAHook,272,66.0
BAHook,273,31.0
BAHook,273,61.0
BAHook,274,36.0
BAHook,274,56.0
BAHook,275,51.0
BAHook,275,41.0
BAHook,276,46.0
BAHook,276,46.0
BAHook,277,51.0
BAHook,277,51.0
BAHook,278,46.0
BAHook,278,46.0
BAHook,279,51.0
BAHook,279,41.0
BAHook,280,56.0
BAHook,280,36.0
BAHook,281,61.0
BAHook,281,41.0
BAHook,282,46.0
BAHook,282,56.0
BAHook,283,51.0
BAHook,283,41.0
BAHook,284,56.0
BAHook,284,46.0
BAHook,285,51.0
BAHook,285,51.0
BAHook,286,46.0
BAHook,286,46.0
BAHook,287,41.0
BAHook,287,51.0
BAHook,288,56.0
BAHook,288,36.0
BAHook,289,61.0
BAHook,289,31.0
BAHook,289,66.0
BAHook,290,66.0
BAHook,290,26.0
BAHook,291,66.0
BAHook,291,71.0
BAHook,291,31.0
BAHook,292,61.0
BAHook,292,66.0
BAHook,292,36.0
BAHook,293,61.0
BAHook,293,31.0
BAHook,293,66.0
BAHook,294,66.0
BAHook,294,36.0
BAHook,294,61.0
BAHook,295,31.0
BAHook,295,61.0
BAHook,295,66.0
BAHook,296,61.0
BAHook,296,66.0
BAHook,296,36.0
BAHook,297,61.0
BAHook,297,31.0
BAHook,298,36.0
BAHook,298,66.0
BAHook,298,61.0
BAHook,299,31.0
BAHook,299,61.0
BAHook,300,71.0
BAHook,300,26.0
BAHook,300,66.0
BAHook,301,71.0
BAHook,301,31.0
BAHook,301,66.0
BAHook,302,66.0
BAHook,302,36.0
BAHook,303,61.0
BAHook,303,41.0
BAHook,303,56.0
BAHook,304,61.0
BAHook,304,36.0
BAHook,304,56.0
BAHook,305,61.0
BAHook,305,41.0
BAHook,305,56.0
BAHook,306,56.0
BAHook,306,46.0
BAHook,306,51.0
BAHook,307,51.0
BAHook,307,41.0
BAHook,308,61.0
BAHook,308,36.0
BAHook,308,56.0
BAHook,309,61.0
BAHook,309,31.0
BAHook,309,66.0
BAHook,310,66.0
BAHook,310,36.0
BAHook,310,61.0
BAHook,311,61.0
BAHook,311,31.0
BAHook,311,66.0
BAHook,312,61.0
BAHook,312,66.0
BAHook,312,36.0
BAHook,313,61.0
BAHook,313,41.0
BAHook,313,56.0
BAHook,314,56.0
BAHook,314,46.0
BAHook,314,51.0
BAHook,315,51.0
BAHook,315,51.0
BAHook,315,46.0
BAHook,316,46.0
BAHook,316,46.0
BAHook,317,46.0
BAHook,317,51.0
BAHook,317,51.0
BAHook,318,46.0
BAHook,318,46.0
BAHook,319,51.0
BAHook,319,41.0
BAHook,319,56.0
BAHook,320,56.0
BAHook,320,46.0
BAHook,320,51.0
BAHook,321,41.0
BAHook,321,51.0
BAHook,322,56.0
BAHook,322,36.0
BAHook,322,61.0
BAHook,323,61.0
BAHook,323,31.0
BAHook,323,66.0
BAHook,324,66.0
BAHook,324,26.0
BAHook,325,21.0
BAHook,325,76.0
BAHook,325,71.0
BAHook,326,76.0
BAHook,326,26.0
BAHook,326,71.0
BAHook,327,71.0
BAHook,327,31.0
BAHook,327,66.0
BAHook,328,61.0
BAHook,328,66.0
BAHook,328,36.0
BAHook,329,66.0
BAHook,329,61.0
BAHook,329,31.0
BAHook,330,66.0
BAHook,330,36.0
BAHook,330,61.0
BAHook,331,41.0
BAHook,331,61.0
BAHook,331,56.0
BAHook,332,46.0
BAHook,332,56.0
BAHook,332,51.0
BAHook,333,41.0
BAHook,333,51.0
BAHook,334,56.0
BAHook,334,46.0
BAHook,334,51.0
BAHook,335,51.0
BAHook,335,41.0
BAHook,336,56.0
BAHook,336,36.0
BAHook,337,61.0
BAHook,337,31.0
BAHook,338,71.0
BAHook,338,26.0
BAHook,338,66.0
BAHook,339,71.0
BAHook,339,31.0
BAHook,339,66.0
BAHook,340,66.0
BAHook,340,26.0
BAHook,341,71.0
BAHook,341,31.0
BAHook,342,66.0
BAHook,342,26.0
BAHook,343,31.0
BAHook,343,71.0
BAHook,344,66.0
BAHook,344,26.0
BAHook,345,71.0
BAHook,345,31.0
BAHook,345,66.0
BAHook,346,66.0
BAHook,346,36.0
BAHook,346,61.0
BAHook,347,31.0
BAHook,347,61.0
BAHook,348,66.0
BAHook,348,26.0
BAHook,349,71.0
BAHook,349,31.0
BAHook,350,66.0
BAHook,350,36.0
BAHook,351,61.0
BAHook,351,31.0
BAHook,352,66.0
BAHook,352,36.0
BAHook,353,61.0
BAHook,353,31.0
BAHook,354,26.0
BAHook,354,66.0
BAHook,355,71.0
BAHook,355,31.0
BAHook,356,66.0
BAHook,356,26.0
BAHook,356,71.0
BAHook,357,71.0
BAHook,357,21.0
BAHook,357,76.0
BAHook,358,76.0
BAHook,358,16.0
BAHook,359,86.0
BAHook,359,81.0
BAHook,359,11.0
BAHook,360,86.0
BAHook,360,16.0
BAHook,360,81.0
BAHook,361,81.0
BAHook,361,21.0
BAHook,361,76.0
BAHook,362,16.0
BAHook,362,76.0
BAHook,363,21.0
BAHook,363,81.0
BAHook,364,76.0
BAHook,364,26.0
BAHook,364,71.0
BAHook,365,71.0
BAHook,365,21.0
BAHook,366,76.0
BAHook,366,26.0
BAHook,367,71.0
BAHook,367,21.0
BAHook,368,16.0
BAHook,368,76.0
BAHook,369,81.0
BAHook,369,21.0
BAHook,370,76.0
BAHook,370,16.0
BAHook,371,81.0
BAHook,371,11.0
BAHook,371,86.0
BAHook,372,6.0
BAHook,372,86.0
BAHook,373,96.0
BAHook,373,91.0
BAHook,373,1.0
BAHook,374,96.0
BAHook,374,6.0
BAHook,374,91.0
BAHook,375,91.0
BAHook,375,11.0
BAHook,375,86.0
BAHook,376,86.0
BAHook,376,6.0
BAHook,377,1.0
BAHook,377,91.0
BAHook,378,96.0
BAHook,378,6.0
BAHook,379,91.0
BAHook,379,11.0
BAHook,379,86.0
BAHook,380,86.0
BAHook,380,16.0
BAHook,381,11.0
BAHook,381,81.0
BAHook,382,6.0
BAHook,382,86.0
BAHook,383,91.0
BAHook,383,1.0
BAHook,384,96.0
BAHook,384,6.0
BAHook,385,91.0
BAHook,385,1.0
BAHook,386,96.0
BAHook,386,1.0
BAHook,387,6.0
BAHook,387,100.0
BAHook,388,95.0
BAHook,388,1.0
BAHook,389,100.0
BAHook,389,1.0
BAHook,390,100.0
BAHook,390,6.0
BAHook,391,95.0
BAHook,391,1.0
BAHook,392,100.0
BAHook,392,6.0
BAHook,393,95.0
BAHook,393,1.0
BAHook,394,1.0
BAHook,394,100.0
BAHook,395,6.0
BAHook,395,100.0
BAHook,396,95.0
BAHook,396,11.0
BAHook,397,90.0
BAHook,397,16.0
BAHook,398,85.0
BAHook,398,11.0
BAHook,399,90.0
BAHook,399,6.0
BAHook,400,95.0
BAHook,400,1.0
BAHook,401,1.0
BAHook,401,100.0
BAHook,402,100.0
BAHook,402,1.0
BAHook,402,100.0
BAHook,403,100.0
BAHook,403,1.0
BAHook,403,100.0
BAHook,404,100.0
BAHook,404,1.0
BAHook,405,1.0
BAHook,405,100.0
BAHook,406,6.0
BAHook,406,100.0
BAHook,407,95.0
BAHook,407,11.0
BAHook,408,90.0
BAHook,408,6.0
BAHook,408,95.0
BAHook,409,95.0
BAHook,409,11.0
BAHook,410,90.0
BAHook,410,16.0
BAHook,411,21.0
BAHook,411,85.0
BAHook,412,80.0
BAHook,412,26.0
BAHook,413,75.0
BAHook,413,31.0
BAHook,414,70.0
BAHook,414,26.0
BAHook,415,75.0
BAHook,415,21.0
BAHook,416,26.0
BAHook,416,80.0
BAHook,417,21.0
BAHook,417,75.0
BAHook,418,80.0
BAHook,418,16.0
BAHook,419,85.0
BAHook,419,21.0
BAHook,420,80.0
BAHook,420,26.0
BAHook,421,75.0
BAHook,421,31.0
BAHook,422,70.0
BAHook,422,36.0
BAHook,423,60.0
BAHook,423,65.0
BAHook,423,41.0
BAHook,424,60.0
BAHook,424,36.0
BAHook,425,65.0
BAHook,425,31.0
BAHook,426,70.0
BAHook,426,26.0
BAHook,427,75.0
BAHook,427,21.0
BAHook,428,16.0
BAHook,428,80.0
BAHook,429,85.0
BAHook,429,21.0
BAHook,429,80.0
BAHook,430,80.0
BAHook,430,26.0
BAHook,431,75.0
BAHook,431,31.0
BAHook,432,36.0
BAHook,432,70.0
BAHook,433,31.0
BAHook,433,65.0
BAHook,434,70.0
BAHook,434,36.0
BAHook,435,65.0
BAHook,435,41.0
BAHook,436,60.0
BAHook,436,46.0
BAHook,437,55.0
BAHook,437,41.0
BAHook,438,36.0
BAHook,438,60.0
BAHook,439,31.0
BAHook,439,65.0
BAHook,440,70.0
BAHook,440,26.0
BAHook,441,75.0
BAHook,441,31.0
BAHook,442,70.0
BAHook,442,36.0
BAHook,443,65.0
BAHook,443,31.0
BAHook,444,26.0
BAHook,444,70.0
BAHook,445,75.0
BAHook,445,31.0
BAHook,446,70.0
BAHook,446,26.0
BAHook,447,75.0
BAHook,447,31.0
BAHook,448,70.0
BAHook,448,26.0
BAHook,449,75.0
BAHook,449,31.0
BAHook,450,36.0
BAHook,450,70.0
BAHook,451,65.0
BAHook,451,31.0
BAHook,451,70.0
BAHook,452,70.0
BAHook,452,36.0
BAHook,453,65.0
BAHook,453,31.0
BAHook,454,36.0
BAHook,454,70.0
BAHook,455,41.0
BAHook,455,65.0
BAHook,456,60.0
BAHook,456,36.0
BAHook,457,65.0
BAHook,457,31.0
BAHook,458,70.0
BAHook,458,26.0
BAHook,459,75.0
BAHook,459,21.0
BAHook,460,80.0
BAHook,460,26.0
BAHook,461,31.0
BAHook,461,75.0
BAHook,462,70.0
BAHook,462,36.0
BAHook,463,65.0
BAHook,463,31.0
BAHook,464,70.0
BAHook,464,26.0
BAHook,465,75.0
BAHook,465,21.0
BAHook,466,16.0
BAHook,466,80.0
BAHook,467,85.0
BAHook,467,21.0
BAHook,468,80.0
BAHook,468,16.0
BAHook,469,85.0
BAHook,469,21.0
BAHook,470,80.0
BAHook,470,26.0
BAHook,471,21.0
BAHook,471,75.0
BAHook,472,26.0
BAHook,472,80.0
BAHook,473,75.0
BAHook,473,21.0
BAHook,474,80.0
BAHook,474,16.0
BAHook,475,85.0
BAHook,475,11.0
BAHook,475,90.0
BAHook,476,16.0
BAHook,476,85.0
BAHook,476,90.0
BAHook,477,85.0
BAHook,477,21.0
BAHook,478,80.0
BAHook,478,16.0
BAHook,479,85.0
BAHook,479,21.0
BAHook,480,85.0
BAHook,480,80.0
BAHook,480,16.0
BAHook,481,21.0
BAHook,481,80.0
BAHook,481,85.0
BAHook,482,75.0
BAHook,482,26.0
BAHook,482,80.0
BAHook,483,75.0
BAHook,483,31.0
BAHook,484,70.0
BAHook,484,26.0
BAHook,485,75.0
BAHook,485,31.0
BAHook,486,70.0
BAHook,486,36.0
BAHook,487,31.0
BAHook,487,65.0
BAHook,488,70.0
BAHook,488,26.0
BAHook,489,75.0
BAHook,489,21.0
BAHook,489,80.0
BAHook,490,80.0
BAHook,490,16.0
BAHook,490,85.0
BAHook,491,21.0
BAHook,491,80.0
BAHook,491,85.0
BAHook,492,80.0
BAHook,492,16.0
BAHook,492,85.0
BAHook,493,85.0
BAHook,493,11.0
BAHook,493,90.0
BAHook,494,95.0
BAHook,494,90.0
BAHook,494,6.0
BAHook,495,90.0
BAHook,495,95.0
BAHook,495,11.0
BAHook,496,90.0
BAHook,496,6.0
BAHook,496,95.0
BAHook,497,1.0
BAHook,497,95.0
BAHook,497,100.0
BAHook,498,6.0
BAHook,498,100.0
BAHook,498,95.0
BAHook,499,11.0
BAHook,499,95.0
BAHook,500,90.0
BAHook,500,16.0
BAHook,500,85.0
BAHook,501,85.0
BAHook,501,21.0
BAHook,501,80.0
BAHook,502,80.0
BAHook,502,26.0
BAHook,502,75.0
BAHook,503,80.0
BAHook,503,75.0
BAHook,503,21.0
BAHook,504,80.0
BAHook,504,16.0
BAHook,504,85.0
BAHook,505,85.0
BAHook,505,11.0
BAHook,506,85.0
BAHook,506,90.0
BAHook,506,16.0
BAHook,507,11.0
BAHook,507,85.0
BAHook,508,90.0
BAHook,508,6.0
BAHook,509,95.0
BAHook,509,1.0
BAHook,510,100.0
BAHook,510,1.0
BAHook,511,100.0
BAHook,511,6.0
BAHook,511,95.0
BAHook,512,11.0
BAHook,512,95.0
BAHook,513,90.0
BAHook,513,6.0
BAHook,513,95.0
BAHook,514,95.0
BAHook,514,1.0
BAHook,514,100.0
BAHook,515,100.0
BAHook,515,6.0
BAHook,515,95.0
BAHook,516,11.0
BAHook,516,95.0
BAHook,516,90.0
BAHook,517,6.0
BAHook,517,90.0
BAHook,518,95.0
BAHook,518,11.0
BAHook,519,90.0
BAHook,519,16.0
BAHook,519,85.0
BAHook,520,85.0
BAHook,520,21.0
BAHook,520,80.0
BAHook,521,75.0
BAHook,521,26.0
BAHook,521,80.0
BAHook,522,75.0
BAHook,522,21.0
BAHook,522,80.0
BAHook,523,80.0
BAHook,523,16.0
BAHook,523,85.0
BAHook,524,85.0
BAHook,524,21.0
BAHook,524,80.0
BAHook,525,26.0
BAHook,525,80.0
BAHook,526,75.0
BAHook,526,21.0
BAHook,526,80.0
BAHook,527,80.0
BAHook,527,26.0
BAHook,528,75.0
BAHook,528,21.0
BAHook,529,80.0
BAHook,529,16.0
BAHook,530,21.0
BAHook,530,85.0
BAHook,531,80.0
BAHook,531,26.0
BAHook,532,75.0
BAHook,532,21.0
BAHook,533,80.0
BAHook,533,26.0
BAHook,534,75.0
BAHook,534,21.0
BAHook,535,26.0
BAHook,535,75.0
BAHook,535,80.0
BAHook,536,31.0
BAHook,536,75.0
BAHook,537,70.0
BAHook,537,36.0
BAHook,538,65.0
BAHook,538,31.0
BAHook,539,70.0
BAHook,539,26.0
BAHook,540,75.0
BAHook,540,31.0
BAHook,541,70.0
BAHook,541,26.0
BAHook,542,21.0
BAHook,542,75.0
BAHook,543,80.0
BAHook,543,26.0
BAHook,544,75.0
BAHook,544,21.0
BAHook,545,80.0
BAHook,545,16.0
BAHook,546,85.0
BAHook,546,21.0
BAHook,546,80.0
BAHook,547,26.0
BAHook,547,80.0
BAHook,548,75.0
BAHook,548,21.0
BAHook,549,80.0
BAHook,549,26.0
BAHook,550,75.0
BAHook,550,31.0
BAHook,551,70.0
BAHook,551,36.0
BAHook,552,31.0
BAHook,552,65.0
BAHook,553,70.0
BAHook,553,26.0
BAHook,554,75.0
BAHook,554,21.0
BAHook,555,80.0
BAHook,555,26.0
BAHook,556,75.0
BAHook,556,21.0
BAHook,557,80.0
BAHook,557,26.0
BAHook,558,75.0
BAHook,558,31.0
BAHook,559,36.0
BAHook,559,70.0
BAHook,560,65.0
BAHook,560,41.0
BAHook,561,60.0
BAHook,561,36.0
BAHook,562,65.0
BAHook,562,31.0
BAHook,562,70.0
BAHook,563,36.0
BAHook,563,65.0
BAHook,563,70.0
BAHook,564,65.0
BAHook,564,31.0
BAHook,565,70.0
BAHook,565,26.0
BAHook,566,75.0
BAHook,566,21.0
BAHook,567,80.0
BAHook,567,26.0
BAHook,568,75.0
BAHook,568,21.0
BAHook,569,16.0
BAHook,569,80.0
BAHook,570,85.0
BAHook,570,21.0
BAHook,571,80.0
BAHook,571,26.0
BAHook,572,75.0
BAHook,572,31.0
BAHook,573,65.0
BAHook,573,70.0
BAHook,573,36.0
BAHook,574,31.0
BAHook,574,65.0
BAHook,575,70.0
BAHook,575,26.0
BAHook,576,75.0
BAHook,576,21.0
BAHook,577,80.0
BAHook,577,16.0
BAHook,578,85.0
BAHook,578,21.0
BAHook,579,26.0
BAHook,579,80.0
BAHook,580,21.0
BAHook,580,75.0
BAHook,581,80.0
BAHook,581,16.0
BAHook,582,85.0
BAHook,582,21.0
BAHook,583,80.0
BAHook,583,16.0
BAHook,584,85.0
BAHook,584,21.0
BAHook,585,26.0
BAHook,585,80.0
BAHook,586,75.0
BAHook,586,31.0
BAHook,587,70.0
BAHook,587,26.0
BAHook,588,75.0
BAHook,588,31.0
BAHook,589,70.0
BAHook,589,36.0
BAHook,590,65.0
BAHook,590,41.0
BAHook,591,46.0
BAHook,591,60.0
BAHook,592,55.0
BAHook,592,51.0
BAHook,593,50.0
BAHook,593,56.0
BAHook,593,45.0
BAHook,594,45.0
BAHook,594,51.0
BAHook,595,56.0
BAHook,595,50.0
BAHook,596,40.0
BAHook,596,61.0
BAHook,596,45.0
BAHook,597,40.0
BAHook,597,56.0
BAHook,597,45.0
BAHook,598,40.0
BAHook,598,45.0
BAHook,598,61.0
BAHook,599,56.0
BAHook,599,45.0
BAHook,599,40.0
BAHook,600,51.0
BAHook,600,50.0
BAHook,600,45.0
BAHook,601,50.0
BAHook,601,46.0
BAHook,602,55.0
BAHook,602,51.0
BAHook,603,50.0
BAHook,603,46.0
BAHook,604,55.0
BAHook,604,51.0
BAHook,605,50.0
BAHook,605,46.0
BAHook,606,51.0
BAHook,606,55.0
BAHook,607,50.0
BAHook,607,46.0
BAHook,608,55.0
BAHook,608,51.0
BAHook,609,50.0
BAHook,609,46.0
BAHook,610,55.0
BAHook,610,41.0
BAHook,611,60.0
BAHook,611,46.0
BAHook,612,51.0
BAHook,612,55.0
BAHook,613,50.0
BAHook,613,56.0
BAHook,614,45.0
BAHook,614,61.0
BAHook,615,40.0
BAHook,615,56.0
BAHook,616,45.0
BAHook,616,51.0
BAHook,617,50.0
BAHook,617,56.0
BAHook,618,51.0
BAHook,618,45.0
BAHook,619,50.0
BAHook,619,46.0
BAHook,619,55.0
BAHook,620,55.0
BAHook,620,51.0
BAHook,621,50.0
BAHook,621,46.0
BAHook,622,51.0
BAHook,622,55.0
BAHook,623,56.0
BAHook,623,50.0
BAHook,624,45.0
BAHook,624,61.0
BAHook,625,40.0
BAHook,625,56.0
BAHook,626,45.0
BAHook,626,51.0
BAHook,627,50.0
BAHook,627,56.0
BAHook,628,45.0
BAHook,628,61.0
BAHook,629,56.0
BAHook,629,40.0
BAHook,630,45.0
BAHook,630,51.0
BAHook,631,50.0
BAHook,631,46.0
BAHook,632,55.0
BAHook,632,51.0
BAHook,633,50.0
BAHook,633,46.0
BAHook,634,51.0
BAHook,634,55.0
BAHook,635,50.0
BAHook,635,56.0
BAHook,636,45.0
BAHook,636,61.0
BAHook,637,40.0
BAHook,637,56.0
BAHook,638,45.0
BAHook,638,51.0
BAHook,639,56.0
BAHook,639,50.0
BAHook,640,45.0
BAHook,640,61.0
BAHook,641,40.0
BAHook,641,56.0
BAHook,642,45.0
BAHook,642,51.0
BAHook,643,50.0
BAHook,643,46.0
BAHook,644,55.0
BAHook,644,51.0
BAHook,645,56.0
BAHook,645,50.0
BAHook,646,51.0
BAHook,646,45.0
BAHook,647,50.0
BAHook,647,56.0
BAHook,648,45.0
BAHook,648,61.0
BAHook,649,40.0
BAHook,649,56.0
BAHook,650,45.0
BAHook,650,61.0
BAHook,651,40.0
BAHook,651,66.0
BAHook,652,61.0
BAHook,652,35.0
BAHook,653,40.0
BAHook,653,66.0
BAHook,654,35.0
BAHook,654,71.0
BAHook,655,30.0
BAHook,655,76.0
BAHook,656,25.0
BAHook,656,71.0
BAHook,657,66.0
BAHook,657,30.0
BAHook,658,61.0
BAHook,658,35.0
BAHook,659,40.0
BAHook,659,66.0
BAHook,660,35.0
BAHook,660,71.0
BAHook,661,30.0
BAHook,661,66.0
BAHook,661,35.0
BAHook,662,35.0
BAHook,662,61.0
BAHook,663,66.0
BAHook,663,40.0
BAHook,664,35.0
BAHook,664,61.0
BAHook,665,40.0
BAHook,665,56.0
BAHook,665,45.0
BAHook,666,45.0
BAHook,666,51.0
BAHook,667,56.0
BAHook,667,50.0
BAHook,668,61.0
BAHook,668,45.0
BAHook,669,40.0
BAHook,669,66.0
BAHook,670,35.0
BAHook,670,71.0
BAHook,671,30.0
BAHook,671,66.0
BAHook,672,35.0
BAHook,672,61.0
BAHook,673,40.0
BAHook,673,56.0
BAHook,674,51.0
BAHook,674,45.0
BAHook,675,50.0
BAHook,675,56.0
BAHook,676,45.0
BAHook,676,61.0
BAHook,677,40.0
BAHook,677,56.0
BAHook,678,45.0
BAHook,678,51.0
BAHook,678,50.0
BAHook,679,55.0
BAHook,679,50.0
BAHook,679,46.0
BAHook,680,55.0
BAHook,680,51.0
BAHook,681,50.0
BAHook,681,46.0
BAHook,682,55.0
BAHook,682,41.0
BAHook,683,55.0
BAHook,683,46.0
BAHook,683,60.0
BAHook,684,55.0
BAHook,684,51.0
BAHook,685,50.0
BAHook,685,46.0
BAHook,686,55.0
BAHook,686,41.0
BAHook,687,60.0
BAHook,687,46.0
BAHook,688,55.0
BAHook,688,51.0
BAHook,689,46.0
BAHook,689,50.0
BAHook,690,55.0
BAHook,690,51.0
BAHook,690,50.0
BAHook,691,50.0
BAHook,691,56.0
BAHook,692,45.0
BAHook,692,61.0
BAHook,693,40.0
BAHook,693,56.0
BAHook,694,61.0
BAHook,694,45.0
BAHook,695,40.0
BAHook,695,66.0
BAHook,696,35.0
BAHook,696,61.0
BAHook,697,40.0
BAHook,697,66.0
BAHook,698,35.0
BAHook,698,61.0
BAHook,699,56.0
BAHook,699,40.0
BAHook,700,61.0
BAHook,700,45.0
BAHook,701,40.0
BAHook,701,56.0
BAHook,702,45.0
BAHook,702,51.0
BAHook,703,50.0
BAHook,703,56.0
BAHook,704,45.0
BAHook,704,51.0
BAHook,705,50.0
BAHook,705,56.0
BAHook,706,51.0
BAHook,706,45.0
BAHook,707,50.0
BAHook,707,46.0
BAHook,708,55.0
BAHook,708,51.0
BAHook,709,50.0
BAHook,709,46.0
BAHook,710,55.0
BAHook,710,41.0
BAHook,711,46.0
BAHook,711,60.0
BAHook,712,55.0
BAHook,712,51.0
BAHook,712,50.0
BAHook,713,50.0
BAHook,713,46.0
BAHook,714,55.0
BAHook,714,51.0
BAHook,715,50.0
BAHook,715,46.0
BAHook,716,51.0
BAHook,716,55.0
BAHook,717,50.0
BAHook,717,56.0
BAHook,718,45.0
BAHook,718,51.0
BAHook,719,50.0
BAHook,719,46.0
BAHook,720,55.0
BAHook,720,41.0
BAHook,721,46.0
BAHook,721,60.0
BAHook,722,51.0
BAHook,722,55.0
BAHook,723,50.0
BAHook,723,46.0
BAHook,724,55.0
BAHook,724,41.0
BAHook,725,60.0
BAHook,725,46.0
BAHook,726,55.0
BAHook,726,51.0
BAHook,727,46.0
BAHook,727,55.0
BAHook,727,50.0
BAHook,728,55.0
BAHook,728,51.0
BAHook,729,50.0
BAHook,729,56.0
BAHook,730,45.0
BAHook,730,51.0
BAHook,731,50.0
BAHook,731,46.0
BAHook,732,55.0
BAHook,732,51.0
BAHook,733,50.0
BAHook,733,56.0
BAHook,734,45.0
BAHook,734,51.0
BAHook,735,56.0
BAHook,735,50.0
BAHook,736,45.0
BAHook,736,51.0
BAHook,737,50.0
BAHook,737,56.0
BAHook,738,45.0
BAHook,738,61.0
BAHook,738,40.0
BAHook,739,56.0
BAHook,739,40.0
BAHook,740,45.0
BAHook,740,61.0
BAHook,741,40.0
BAHook,741,66.0
BAHook,742,35.0
BAHook,742,71.0
BAHook,743,25.0
BAHook,743,30.0
BAHook,743,76.0
BAHook,744,81.0
BAHook,744,20.0
BAHook,744,25.0
BAHook,745,20.0
BAHook,745,76.0
BAHook,746,25.0
BAHook,746,71.0
BAHook,747,30.0
BAHook,747,76.0
BAHook,748,25.0
BAHook,748,71.0
BAHook,749,30.0
BAHook,749,66.0
BAHook,750,71.0
BAHook,750,35.0
BAHook,751,30.0
BAHook,751,76.0
BAHook,751,25.0
BAHook,752,25.0
BAHook,752,71.0
BAHook,753,30.0
BAHook,753,76.0
BAHook,754,81.0
BAHook,754,25.0
BAHook,755,86.0
BAHook,755,15.0
BAHook,755,20.0
BAHook,756,15.0
BAHook,756,91.0
BAHook,756,10.0
BAHook,757,10.0
BAHook,757,96.0
BAHook,757,5.0
BAHook,758,5.0
BAHook,758,100.0
BAHook,758,1.0
BAHook,759,1.0
BAHook,759,1.0
BAHook,759,100.0
BAHook,760,1.0
BAHook,760,95.0
BAHook,761,6.0
BAHook,761,90.0
BAHook,761,11.0
BAHook,762,85.0
BAHook,762,11.0
BAHook,763,11.0
BAHook,763,90.0
BAHook,763,16.0
BAHook,764,11.0
BAHook,764,85.0
BAHook,765,16.0
BAHook,765,90.0
BAHook,765,11.0
BAHook,766,11.0
BAHook,766,95.0
BAHook,766,6.0
BAHook,767,11.0
BAHook,767,90.0
BAHook,767,6.0
BAHook,768,11.0
BAHook,768,95.0
BAHook,768,6.0
BAHook,769,6.0
BAHook,769,100.0
BAHook,769,1.0
BAHook,770,1.0
BAHook,770,95.0
BAHook,770,6.0
BAHook,771,90.0
BAHook,771,6.0
BAHook,772,16.0
BAHook,772,85.0
BAHook,772,11.0
BAHook,773,16.0
BAHook,773,90.0
BAHook,774,11.0
BAHook,774,95.0
BAHook,774,6.0
BAHook,775,6.0
BAHook,775,90.0
BAHook,776,11.0
BAHook,776,95.0
BAHook,777,1.0
BAHook,777,6.0
BAHook,777,100.0
BAHook,778,1.0
BAHook,778,95.0
BAHook,779,6.0
BAHook,779,90.0
BAHook,780,16.0
BAHook,780,11.0
BAHook,780,85.0
BAHook,781,80.0
BAHook,781,21.0
BAHook,781,16.0
BAHook,782,21.0
BAHook,782,85.0
BAHook,782,16.0
BAHook,783,16.0
BAHook,783,80.0
BAHook,784,21.0
BAHook,784,85.0
BAHook,785,16.0
BAHook,785,80.0
BAHook,786,85.0
BAHook,786,21.0
BAHook,787,16.0
BAHook,787,90.0
BAHook,787,11.0
BAHook,788,11.0
BAHook,788,95.0
BAHook,788,6.0
BAHook,789,6.0
BAHook,789,90.0
BAHook,789,11.0
BAHook,790,95.0
BAHook,790,11.0
BAHook,791,90.0
BAHook,791,6.0
BAHook,792,11.0
BAHook,792,95.0
BAHook,793,6.0
BAHook,793,90.0
BAHook,794,11.0
BAHook,794,85.0
BAHook,795,16.0
BAHook,795,80.0
BAHook,796,75.0
BAHook,796,21.0
BAHook,797,26.0
BAHook,797,80.0
BAHook,798,21.0
BAHook,798,75.0
BAHook,799,26.0
BAHook,799,80.0
BAHook,800,21.0
BAHook,800,75.0
BAHook,801,26.0
BAHook,801,80.0
BAHook,802,85.0
BAHook,802,21.0
BAHook,803,16.0
BAHook,803,90.0
BAHook,803,11.0
BAHook,804,11.0
BAHook,804,85.0
BAHook,804,16.0
BAHook,805,16.0
BAHook,805,90.0
BAHook,806,95.0
BAHook,806,11.0
BAHook,807,100.0
BAHook,807,6.0
BAHook,808,1.0
BAHook,808,95.0
BAHook,809,6.0
BAHook,809,90.0
BAHook,810,11.0
BAHook,810,85.0
BAHook,811,16.0
BAHook,811,90.0
BAHook,812,11.0
BAHook,812,85.0
BAHook,813,90.0
BAHook,813,16.0
BAHook,814,11.0
BAHook,814,95.0
BAHook,815,6.0
BAHook,815,100.0
BAHook,816,1.0
BAHook,816,100.0
BAHook,817,1.0
BAHook,817,100.0
BAHook,818,100.0
BAHook,818,1.0
BAHook,819,1.0
BAHook,819,95.0
BAHook,820,6.0
BAHook,820,100.0
BAHook,821,1.0
BAHook,821,100.0
BAHook,822,1.0
BAHook,822,100.0
BAHook,822,1.0
BAHook,823,100.0
BAHook,823,1.0
BAHook,824,1.0
BAHook,824,100.0
BAHook,825,1.0
BAHook,825,95.0
BAHook,826,6.0
BAHook,826,90.0
BAHook,827,11.0
BAHook,827,95.0
BAHook,828,6.0
BAHook,828,90.0
BAHook,829,85.0
BAHook,829,11.0
BAHook,830,16.0
BAHook,830,90.0
BAHook,831,11.0
BAHook,831,85.0
BAHook,832,16.0
BAHook,832,80.0
BAHook,833,75.0
BAHook,833,26.0
BAHook,833,21.0
BAHook,834,70.0
BAHook,834,31.0
BAHook,834,26.0
BAHook,835,31.0
BAHook,835,65.0
BAHook,835,36.0
BAHook,836,36.0
BAHook,836,60.0
BAHook,837,41.0
BAHook,837,65.0
BAHook,838,36.0
BAHook,838,60.0
BAHook,839,65.0
BAHook,839,41.0
BAHook,840,36.0
BAHook,840,60.0
BAHook,841,41.0
BAHook,841,55.0
BAHook,842,46.0
BAHook,842,50.0
BAHook,843,51.0
BAHook,843,55.0
BAHook,844,41.0
BAHook,844,60.0
BAHook,844,46.0
BAHook,845,41.0
BAHook,845,55.0
BAHook,846,46.0
BAHook,846,60.0
BAHook,846,41.0
BAHook,847,41.0
BAHook,847,65.0
BAHook,848,36.0
BAHook,848,60.0
BAHook,849,55.0
BAHook,849,41.0
BAHook,850,46.0
BAHook,850,60.0
BAHook,851,41.0
BAHook,851,65.0
BAHook,851,36.0
BAHook,852,36.0
BAHook,852,60.0
BAHook,853,41.0
BAHook,853,65.0
BAHook,854,70.0
BAHook,854,36.0
BAHook,855,26.0
BAHook,855,75.0
BAHook,855,31.0
BAHook,856,26.0
BAHook,856,70.0
BAHook,857,31.0
BAHook,857,75.0
BAHook,857,26.0
BAHook,858,26.0
BAHook,858,70.0
BAHook,859,75.0
BAHook,859,31.0
BAHook,860,26.0
BAHook,860,70.0
BAHook,861,31.0
BAHook,861,75.0
BAHook,862,26.0
BAHook,862,80.0
BAHook,863,21.0
BAHook,863,85.0
BAHook,864,16.0
BAHook,864,80.0
BAHook,865,75.0
BAHook,865,21.0
BAHook,866,26.0
BAHook,866,80.0
BAHook,867,21.0
BAHook,867,75.0
BAHook,867,26.0
BAHook,868,26.0
BAHook,868,70.0
BAHook,868,31.0
BAHook,869,65.0
BAHook,869,31.0
BAHook,870,60.0
BAHook,870,36.0
BAHook,871,41.0
BAHook,871,55.0
BAHook,872,46.0
BAHook,872,60.0
BAHook,873,41.0
BAHook,873,65.0
BAHook,874,36.0
BAHook,874,70.0
BAHook,875,31.0
BAHook,875,65.0
BAHook,876,70.0
BAHook,876,36.0
BAHook,877,31.0
BAHook,877,75.0
BAHook,878,26.0
BAHook,878,70.0
BAHook,879,31.0
BAHook,879,75.0
BAHook,879,26.0
BAHook,880,26.0
BAHook,880,70.0
BAHook,881,36.0
BAHook,881,65.0
BAHook,881,31.0
BAHook,882,36.0
BAHook,882,70.0
BAHook,882,31.0
BAHook,883,31.0
BAHook,883,75.0
BAHook,883,26.0
BAHook,884,26.0
BAHook,884,70.0
BAHook,884,31.0
BAHook,885,26.0
BAHook,885,31.0
BAHook,885,75.0
BAHook,886,26.0
BAHook,886,70.0
BAHook,886,31.0
BAHook,887,31.0
BAHook,887,65.0
BAHook,888,31.0
BAHook,888,36.0
BAHook,888,70.0
BAHook,889,26.0
BAHook,889,31.0
BAHook,889,75.0
BAHook,890,26.0
BAHook,890,70.0
BAHook,891,31.0
BAHook,891,75.0
BAHook,892,26.0
BAHook,892,80.0
BAHook,893,21.0
BAHook,893,85.0
BAHook,894,16.0
BAHook,894,80.0
BAHook,895,85.0
BAHook,895,21.0
BAHook,896,80.0
BAHook,896,16.0
BAHook,897,21.0
BAHook,897,75.0
BAHook,898,26.0
BAHook,898,80.0
BAHook,898,21.0
BAHook,899,21.0
BAHook,899,85.0
BAHook,900,16.0
BAHook,900,80.0
BAHook,900,21.0
BAHook,901,85.0
BAHook,901,21.0
BAHook,902,16.0
BAHook,902,80.0
BAHook,903,21.0
BAHook,903,85.0
BAHook,903,16.0
BAHook,904,16.0
BAHook,904,80.0
BAHook,905,21.0
BAHook,905,75.0
BAHook,906,80.0
BAHook,906,26.0
BAHook,907,21.0
BAHook,907,85.0
BAHook,907,16.0
BAHook,908,16.0
BAHook,908,80.0
BAHook,908,21.0
BAHook,909,21.0
BAHook,909,85.0
BAHook,910,21.0
BAHook,910,16.0
BAHook,910,80.0
BAHook,911,21.0
BAHook,911,75.0
BAHook,912,26.0
BAHook,912,80.0
BAHook,913,21.0
BAHook,913,85.0
BAHook,914,16.0
BAHook,914,90.0
BAHook,915,85.0
BAHook,915,11.0
BAHook,916,21.0
BAHook,916,80.0
BAHook,916,16.0
BAHook,917,21.0
BAHook,917,85.0
BAHook,918,16.0
BAHook,918,90.0
BAHook,919,11.0
BAHook,919,85.0
BAHook,920,16.0
BAHook,920,90.0
BAHook,921,95.0
BAHook,921,11.0
BAHook,922,6.0
BAHook,922,90.0
BAHook,923,11.0
BAHook,923,85.0
BAHook,924,16.0
BAHook,924,80.0
BAHook,925,21.0
BAHook,925,75.0
BAHook,926,26.0
BAHook,926,70.0
BAHook,927,75.0
BAHook,927,31.0
BAHook,928,26.0
BAHook,928,80.0
BAHook,929,21.0
BAHook,929,85.0
BAHook,930,16.0
BAHook,930,80.0
BAHook,930,21.0
BAHook,931,16.0
BAHook,931,21.0
BAHook,931,85.0
BAHook,932,80.0
BAHook,932,16.0
BAHook,933,21.0
BAHook,933,75.0
BAHook,934,26.0
BAHook,934,80.0
BAHook,935,21.0
BAHook,935,85.0
BAHook,936,16.0
BAHook,936,80.0
BAHook,937,85.0
BAHook,937,21.0
BAHook,938,90.0
BAHook,938,16.0
BAHook,939,11.0
BAHook,939,85.0
BAHook,940,16.0
BAHook,940,90.0
BAHook,941,11.0
BAHook,941,95.0
BAHook,942,6.0
BAHook,942,100.0
BAHook,943,1.0
BAHook,943,95.0
BAHook,944,100.0
BAHook,944,6.0
BAHook,945,1.0
BAHook,945,95.0
BAHook,946,6.0
BAHook,946,90.0
BAHook,947,11.0
BAHook,947,95.0
BAHook,948,6.0
BAHook,948,100.0
BAHook,949,100.0
BAHook,949,1.0
BAHook,950,95.0
BAHook,950,1.0
BAHook,951,6.0
BAHook,951,90.0
BAHook,952,11.0
BAHook,952,95.0
BAHook,953,6.0
BAHook,953,90.0
BAHook,954,11.0
BAHook,954,85.0
BAHook,955,16.0
BAHook,955,90.0
BAHook,956,85.0
BAHook,956,11.0
BAHook,957,16.0
BAHook,957,90.0
BAHook,958,11.0
BAHook,958,85.0
BAHook,959,16.0
BAHook,959,80.0
BAHook,960,21.0
BAHook,960,75.0
BAHook,961,80.0
BAHook,961,26.0
BAHook,962,21.0
BAHook,962,75.0
BAHook,963,26.0
BAHook,963,70.0
BAHook,964,31.0
BAHook,964,75.0
BAHook,965,26.0
BAHook,965,80.0
BAHook,966,75.0
BAHook,966,21.0
BAHook,967,26.0
BAHook,967,70.0
BAHook,968,31.0
BAHook,968,65.0
BAHook,969,36.0
BAHook,969,70.0
BAHook,970,31.0
BAHook,970,75.0
BAHook,971,26.0
BAHook,971,70.0
BAHook,972,65.0
BAHook,972,31.0
BAHook,973,36.0
BAHook,973,70.0
BAHook,973,31.0
BAHook,974,31.0
BAHook,974,65.0
BAHook,975,36.0
BAHook,975,70.0
BAHook,975,31.0
BAHook,976,31.0
BAHook,976,75.0
BAHook,977,80.0
BAHook,977,26.0
BAHook,978,21.0
BAHook,978,85.0
BAHook,979,16.0
BAHook,979,90.0
BAHook,980,11.0
BAHook,980,85.0
BAHook,980,16.0
BAHook,981,90.0
BAHook,981,16.0
BAHook,981,11.0
BAHook,982,95.0
BAHook,982,11.0
BAHook,983,6.0
BAHook,983,90.0
BAHook,984,11.0
BAHook,984,85.0
BAHook,985,16.0
BAHook,985,80.0
BAHook,986,21.0
BAHook,986,75.0
BAHook,987,26.0
BAHook,987,80.0
BAHook,988,75.0
BAHook,988,21.0
BAHook,989,26.0
BAHook,989,70.0
BAHook,990,31.0
BAHook,990,75.0
BAHook,991,26.0
BAHook,991,80.0
BAHook,992,21.0
BAHook,992,85.0
BAHook,992,16.0
BAHook,993,90.0
BAHook,993,16.0
BAHook,994,11.0
BAHook,994,95.0
BAHook,995,6.0
BAHook,995,100.0
BAHook,995,1.0
BAHook,996,1.0
BAHook,996,95.0
BAHook,997,6.0
BAHook,997,100.0
BAHook,998,100.0
BAHook,998,1.0
BAHook,999,1.0
BAHook,999,100.0
BAHook,1000,1.0
BAHook,1000,95.0
BAHook,1001,6.0
BAHook,1001,90.0
BAHook,1002,11.0
BAHook,1002,95.0
BAHook,1003,6.0
BAHook,1003,100.0
BAHook,1004,95.0
BAHook,1004,1.0
BAHook,1005,6.0
BAHook,1005,90.0
BAHook,1006,11.0
BAHook,1006,95.0
BAHook,1007,6.0
BAHook,1007,100.0
BAHook,1008,1.0
BAHook,1008,95.0
BAHook,1009,6.0
BAHook,1009,90.0
BAHook,1010,85.0
BAHook,1010,11.0
BAHook,1011,16.0
BAHook,1011,90.0
BAHook,1012,11.0
BAHook,1012,85.0
BAHook,1013,16.0
BAHook,1013,80.0
BAHook,1014,21.0
BAHook,1014,85.0
BAHook,1015,90.0
BAHook,1015,16.0
BAHook,1016,16.0
BAHook,1016,11.0
BAHook,1016,85.0
BAHook,1017,16.0
BAHook,1017,90.0
BAHook,1018,11.0
BAHook,1018,85.0
BAHook,1019,16.0
BAHook,1019,80.0
BAHook,1020,85.0
BAHook,1020,21.0
BAHook,1021,90.0
BAHook,1021,16.0
BAHook,1022,11.0
BAHook,1022,95.0
BAHook,1023,6.0
BAHook,1023,100.0
BAHook,1024,1.0
BAHook,1024,100.0
BAHook,1025,1.0
BAHook,1025,100.0
BAHook,1026,100.0
BAHook,1026,1.0
BAHook,1027,100.0
BAHook,1027,1.0
BAHook,1028,1.0
BAHook,1028,100.0
BAHook,1029,1.0
BAHook,1029,100.0
BAHook,1030,1.0
BAHook,1030,95.0
BAHook,1031,6.0
BAHook,1031,90.0
BAHook,1032,11.0
BAHook,1032,95.0
BAHook,1033,100.0
BAHook,1033,6.0
BAHook,1034,1.0
BAHook,1034,95.0
BAHook,1035,6.0
BAHook,1035,90.0
BAHook,1036,11.0
BAHook,1036,95.0
BAHook,1037,6.0
BAHook,1037,100.0
BAHook,1038,95.0
BAHook,1038,1.0
BAHook,1039,6.0
BAHook,1039,100.0
BAHook,1040,1.0
BAHook,1040,100.0
BAHook,1041,1.0
BAHook,1041,100.0
BAHook,1042,1.0
BAHook,1042,100.0
BAHook,1043,95.0
BAHook,1043,1.0
BAHook,1044,6.0
BAHook,1044,90.0
BAHook,1045,11.0
BAHook,1045,85.0
BAHook,1046,16.0
BAHook,1046,80.0
BAHook,1047,21.0
BAHook,1047,75.0
BAHook,1048,26.0
BAHook,1048,80.0
BAHook,1049,85.0
BAHook,1049,21.0
BAHook,1050,16.0
BAHook,1050,80.0
BAHook,1051,21.0
BAHook,1051,85.0
BAHook,1052,16.0
BAHook,1052,80.0
BAHook,1053,21.0
BAHook,1053,75.0
BAHook,1054,80.0
BAHook,1054,26.0
BAHook,1055,21.0
BAHook,1055,75.0
BAHook,1056,26.0
BAHook,1056,70.0
BAHook,1057,31.0
BAHook,1057,75.0
BAHook,1058,26.0
BAHook,1058,80.0
BAHook,1059,85.0
BAHook,1059,21.0
BAHook,1060,90.0
BAHook,1060,16.0
BAHook,1061,11.0
BAHook,1061,85.0
BAHook,1062,16.0
BAHook,1062,80.0
BAHook,1063,21.0
BAHook,1063,85.0
BAHook,1064,16.0
BAHook,1064,90.0
BAHook,1065,95.0
BAHook,1065,11.0
BAHook,1066,6.0
BAHook,1066,90.0
BAHook,1067,11.0
BAHook,1067,85.0
BAHook,1068,16.0
BAHook,1068,90.0
BAHook,1069,11.0
BAHook,1069,85.0
BAHook,1070,16.0
BAHook,1070,80.0
BAHook,1071,21.0
BAHook,1071,75.0
BAHook,1072,80.0
BAHook,1072,26.0
BAHook,1073,85.0
BAHook,1073,21.0
BAHook,1074,16.0
BAHook,1074,80.0
BAHook,1075,21.0
BAHook,1075,75.0
BAHook,1076,26.0
BAHook,1076,80.0
BAHook,1077,21.0
BAHook,1077,85.0
BAHook,1078,16.0
BAHook,1078,80.0
BAHook,1079,16.0
BAHook,1079,85.0
BAHook,1079,21.0
BAHook,1080,16.0
BAHook,1080,80.0
BAHook,1081,21.0
BAHook,1081,85.0
BAHook,1082,16.0
BAHook,1082,80.0
BAHook,1082,21.0
BAHook,1083,21.0
BAHook,1083,85.0
BAHook,1084,90.0
BAHook,1084,16.0
BAHook,1085,11.0
BAHook,1085,85.0
BAHook,1086,16.0
BAHook,1086,90.0
BAHook,1087,11.0
BAHook,1087,95.0
BAHook,1088,6.0
BAHook,1088,100.0
BAHook,1089,1.0
BAHook,1089,100.0
BAHook,1090,100.0
BAHook,1090,1.0
BAHook,1091,1.0
BAHook,1091,100.0
BAHook,1092,1.0
BAHook,1092,100.0
BAHook,1093,1.0
BAHook,1093,100.0
BAHook,1094,1.0
BAHook,1094,95.0
BAHook,1095,100.0
BAHook,1095,6.0
BAHook,1096,1.0
BAHook,1096,100.0
BAHook,1097,1.0
BAHook,1097,100.0
BAHook,1098,1.0
BAHook,1098,95.0
BAHook,1099,6.0
BAHook,1099,100.0
BAHook,1100,95.0
BAHook,1100,1.0
BAHook,1101,6.0
BAHook,1101,100.0
BAHook,1102,1.0
BAHook,1102,100.0
BAHook,1103,1.0
BAHook,1103,100.0
BAHook,1104,1.0
BAHook,1104,95.0
BAHook,1105,6.0
BAHook,1105,100.0
BAHook,1106,100.0
BAHook,1106,1.0
BAHook,1107,1.0
BAHook,1107,100.0
BAHook,1108,1.0
BAHook,1108,95.0
BAHook,1109,6.0
BAHook,1109,90.0
BAHook,1110,11.0
BAHook,1110,95.0
BAHook,1111,100.0
BAHook,1111,6.0
BAHook,1112,1.0
BAHook,1112,100.0
BAHook,1113,1.0
BAHook,1113,100.0
BAHook,1113,1.0
BAHook,1114,1.0
BAHook,1114,100.0
BAHook,1115,1.0
BAHook,1115,95.0
BAHook,1116,6.0
BAHook,1116,90.0
BAHook,1117,95.0
BAHook,1117,11.0
BAHook,1118,6.0
BAHook,1118,90.0
BAHook,1119,11.0
BAHook,1119,95.0
BAHook,1120,6.0
BAHook,1120,90.0
BAHook,1121,11.0
BAHook,1121,85.0
BAHook,1122,80.0
BAHook,1122,16.0
BAHook,1123,21.0
BAHook,1123,75.0
BAHook,1124,26.0
BAHook,1124,70.0
BAHook,1125,31.0
BAHook,1125,65.0
BAHook,1126,36.0
BAHook,1126,70.0
BAHook,1127,75.0
BAHook,1127,31.0
BAHook,1128,21.0
BAHook,1128,80.0
BAHook,1128,26.0
BAHook,1129,21.0
BAHook,1129,75.0
BAHook,1130,26.0
BAHook,1130,70.0
BAHook,1131,31.0
BAHook,1131,65.0
BAHook,1132,36.0
BAHook,1132,60.0
BAHook,1133,55.0
BAHook,1133,41.0
BAHook,1134,46.0
BAHook,1134,60.0
BAHook,1135,41.0
BAHook,1135,55.0
BAHook,1136,46.0
BAHook,1136,50.0
BAHook,1137,51.0
BAHook,1137,45.0
BAHook,1138,40.0
BAHook,1138,56.0
BAHook,1139,45.0
BAHook,1139,61.0
BAHook,1140,56.0
BAHook,1140,50.0
BAHook,1141,51.0
BAHook,1141,45.0
BAHook,1142,56.0
BAHook,1142,50.0
BAHook,1143,51.0
BAHook,1143,55.0
BAHook,1144,60.0
BAHook,1144,46.0
BAHook,1145,41.0
BAHook,1145,55.0
BAHook,1146,46.0
BAHook,1146,50.0
BAHook,1147,51.0
BAHook,1147,55.0
BAHook,1148,46.0
BAHook,1148,60.0
BAHook,1149,41.0
BAHook,1149,55.0
BAHook,1150,50.0
BAHook,1150,46.0
BAHook,1151,51.0
BAHook,1151,45.0
BAHook,1152,56.0
BAHook,1152,40.0
BAHook,1153,61.0
BAHook,1153,35.0
BAHook,1154,66.0
BAHook,1154,40.0
BAHook,1155,35.0
BAHook,1155,61.0
BAHook,1156,30.0
BAHook,1156,66.0
BAHook,1157,71.0
BAHook,1157,35.0
BAHook,1158,66.0
BAHook,1158,30.0
BAHook,1159,71.0
BAHook,1159,25.0
BAHook,1160,76.0
BAHook,1160,30.0
BAHook,1161,71.0
BAHook,1161,35.0
BAHook,1162,66.0
BAHook,1162,30.0
BAHook,1163,25.0
BAHook,1163,71.0
BAHook,1164,76.0
BAHook,1164,20.0
BAHook,1165,81.0
BAHook,1165,15.0
BAHook,1166,86.0
BAHook,1166,20.0
BAHook,1167,81.0
BAHook,1167,15.0
BAHook,1168,10.0
BAHook,1168,86.0
BAHook,1169,91.0
BAHook,1169,15.0
BAHook,1169,86.0
BAHook,1170,86.0
BAHook,1170,10.0
BAHook,1171,91.0
BAHook,1171,15.0
BAHook,1172,86.0
BAHook,1172,10.0
BAHook,1173,91.0
BAHook,1173,15.0
BAHook,1174,20.0
BAHook,1174,86.0
BAHook,1175,81.0
BAHook,1175,15.0
BAHook,1176,86.0
BAHook,1176,10.0
BAHook,1177,91.0
BAHook,1177,15.0
BAHook,1178,86.0
BAHook,1178,20.0
BAHook,1179,15.0
BAHook,1179,81.0
BAHook,1180,20.0
BAHook,1180,86.0
BAHook,1181,81.0
BAHook,1181,15.0
BAHook,1182,86.0
BAHook,1182,10.0
BAHook,1183,91.0
BAHook,1183,15.0
BAHook,1184,86.0
BAHook,1184,10.0
BAHook,1185,5.0
BAHook,1185,91.0
BAHook,1186,10.0
BAHook,1186,96.0
BAHook,1187,91.0
BAHook,1187,15.0
BAHook,1188,86.0
BAHook,1188,10.0
BAHook,1189,91.0
BAHook,1189,5.0
BAHook,1190,96.0
BAHook,1190,10.0
BAHook,1191,91.0
BAHook,1191,5.0
BAHook,1192,10.0
BAHook,1192,96.0
BAHook,1193,91.0
BAHook,1193,15.0
BAHook,1194,86.0
BAHook,1194,10.0
BAHook,1195,91.0
BAHook,1195,5.0
BAHook,1196,96.0
BAHook,1196,1.0
BAHook,1197,6.0
BAHook,1197,100.0
BAHook,1198,1.0
BAHook,1198,95.0
BAHook,1199,100.0
BAHook,1199,1.0
BAHook,1200,100.0
BAHook,1200,1.0
BAHook,1201,100.0
BAHook,1201,6.0
BAHook,1202,95.0
BAHook,1202,11.0
BAHook,1203,90.0
BAHook,1203,16.0
BAHook,1204,21.0
BAHook,1204,85.0
BAHook,1205,80.0
BAHook,1205,16.0
BAHook,1206,85.0
BAHook,1206,21.0
BAHook,1207,80.0
BAHook,1207,16.0
BAHook,1208,11.0
BAHook,1208,85.0
BAHook,1209,16.0
BAHook,1209,90.0
BAHook,1210,85.0
BAHook,1210,21.0
BAHook,1211,80.0
BAHook,1211,26.0
BAHook,1212,75.0
BAHook,1212,21.0
BAHook,1213,80.0
BAHook,1213,26.0
BAHook,1214,75.0
BAHook,1214,21.0
BAHook,1215,16.0
BAHook,1215,80.0
BAHook,1216,85.0
BAHook,1216,21.0
BAHook,1217,80.0
BAHook,1217,16.0
BAHook,1218,85.0
BAHook,1218,21.0
BAHook,1219,80.0
BAHook,1219,16.0
BAHook,1220,21.0
BAHook,1220,85.0
BAHook,1221,80.0
BAHook,1221,26.0
BAHook,1222,75.0
BAHook,1222,21.0
BAHook,1223,80.0
BAHook,1223,26.0
BAHook,1224,75.0
BAHook,1224,21.0
BAHook,1225,26.0
BAHook,1225,80.0
BAHook,1226,75.0
BAHook,1226,31.0
BAHook,1227,70.0
BAHook,1227,26.0
BAHook,1228,75.0
BAHook,1228,21.0
BAHook,1229,80.0
BAHook,1229,26.0
BAHook,1230,75.0
BAHook,1230,31.0
BAHook,1231,36.0
BAHook,1231,70.0
BAHook,1232,65.0
BAHook,1232,41.0
BAHook,1233,60.0
BAHook,1233,36.0
BAHook,1234,65.0
BAHook,1234,41.0
BAHook,1235,60.0
BAHook,1235,36.0
BAHook,1236,31.0
BAHook,1236,65.0
BAHook,1237,70.0
BAHook,1237,26.0
BAHook,1238,75.0
BAHook,1238,21.0
BAHook,1239,80.0
BAHook,1239,26.0
BAHook,1240,75.0
BAHook,1240,21.0
BAHook,1241,26.0
BAHook,1241,80.0
BAHook,1242,21.0
BAHook,1242,75.0
BAHook,1243,80.0
BAHook,1243,26.0
BAHook,1244,75.0
BAHook,1244,21.0
BAHook,1245,80.0
BAHook,1245,16.0
BAHook,1246,85.0
BAHook,1246,11.0
BAHook,1247,6.0
BAHook,1247,90.0
BAHook,1248,95.0
BAHook,1248,11.0
BAHook,1249,90.0
BAHook,1249,6.0
BAHook,1250,95.0
BAHook,1250,11.0
BAHook,1251,90.0
BAHook,1251,6.0
BAHook,1252,95.0
BAHook,1252,1.0
BAHook,1253,100.0
BAHook,1253,6.0
BAHook,1254,1.0
BAHook,1254,95.0
BAHook,1255,1.0
BAHook,1255,100.0
BAHook,1256,100.0
BAHook,1256,6.0
BAHook,1257,95.0
BAHook,1257,11.0
BAHook,1258,90.0
BAHook,1258,6.0
BAHook,1259,95.0
BAHook,1259,11.0
BAHook,1260,16.0
BAHook,1260,90.0
BAHook,1261,85.0
BAHook,1261,21.0
BAHook,1262,80.0
BAHook,1262,16.0
BAHook,1263,85.0
BAHook,1263,11.0
BAHook,1264,90.0
BAHook,1264,6.0
BAHook,1265,95.0
BAHook,1265,1.0
BAHook,1266,6.0
BAHook,1266,100.0
BAHook,1267,95.0
BAHook,1267,11.0
BAHook,1268,90.0
BAHook,1268,6.0
BAHook,1269,95.0
BAHook,1269,11.0
BAHook,1270,90.0
BAHook,1270,6.0
BAHook,1271,11.0
BAHook,1271,95.0
BAHook,1272,16.0
BAHook,1272,90.0
BAHook,1273,85.0
BAHook,1273,21.0
BAHook,1274,80.0
BAHook,1274,26.0
BAHook,1275,75.0
BAHook,1275,31.0
BAHook,1276,70.0
BAHook,1276,26.0
BAHook,1277,75.0
BAHook,1277,31.0
BAHook,1278,36.0
BAHook,1278,70.0
BAHook,1279,65.0
BAHook,1279,41.0
BAHook,1280,60.0
BAHook,1280,36.0
BAHook,1281,65.0
BAHook,1281,31.0
BAHook,1282,70.0
BAHook,1282,26.0
BAHook,1283,31.0
BAHook,1283,75.0
BAHook,1284,70.0
BAHook,1284,36.0
BAHook,1285,65.0
BAHook,1285,41.0
BAHook,1286,60.0
BAHook,1286,46.0
BAHook,1287,55.0
BAHook,1287,41.0
BAHook,1288,36.0
BAHook,1288,60.0
BAHook,1289,41.0
BAHook,1289,65.0
BAHook,1290,60.0
BAHook,1290,46.0
BAHook,1291,55.0
BAHook,1291,51.0
BAHook,1292,50.0
BAHook,1292,46.0
BAHook,1293,55.0
BAHook,1293,41.0
BAHook,1294,46.0
BAHook,1294,60.0
BAHook,1295,55.0
BAHook,1295,41.0
BAHook,1296,60.0
BAHook,1296,36.0
BAHook,1297,65.0
BAHook,1297,31.0
BAHook,1298,70.0
BAHook,1298,36.0
BAHook,1299,65.0
BAHook,1299,31.0
BAHook,1300,26.0
BAHook,1300,70.0
BAHook,1301,31.0
BAHook,1301,75.0
BAHook,1302,70.0
BAHook,1302,36.0
BAHook,1303,65.0
BAHook,1303,31.0
BAHook,1304,70.0
BAHook,1304,36.0
BAHook,1305,65.0
BAHook,1305,41.0
BAHook,1306,60.0
BAHook,1306,46.0
BAHook,1307,41.0
BAHook,1307,55.0
BAHook,1308,60.0
BAHook,1308,46.0
BAHook,1309,55.0
BAHook,1309,41.0
BAHook,1310,60.0
BAHook,1310,46.0
BAHook,1311,55.0
BAHook,1311,41.0
BAHook,1312,46.0
BAHook,1312,60.0
BAHook,1313,51.0
BAHook,1313,55.0
BAHook,1314,50.0
BAHook,1314,46.0
BAHook,1315,55.0
BAHook,1315,51.0
BAHook,1316,50.0
BAHook,1316,56.0
BAHook,1317,45.0
BAHook,1317,61.0
BAHook,1318,40.0
BAHook,1318,56.0
BAHook,1319,61.0
BAHook,1319,45.0
BAHook,1320,40.0
BAHook,1320,56.0
BAHook,1321,45.0
BAHook,1321,51.0
BAHook,1322,50.0
BAHook,1322,56.0
BAHook,1323,45.0
BAHook,1323,61.0
BAHook,1324,56.0
BAHook,1324,40.0
BAHook,1325,45.0
BAHook,1325,61.0
BAHook,1326,40.0
BAHook,1326,66.0
BAHook,1327,35.0
BAHook,1327,71.0
BAHook,1328,30.0
BAHook,1328,76.0
BAHook,1329,81.0
BAHook,1329,25.0
BAHook,1330,20.0
BAHook,1330,76.0
BAHook,1331,25.0
BAHook,1331,71.0
BAHook,1332,30.0
BAHook,1332,76.0
BAHook,1333,25.0
BAHook,1333,81.0
BAHook,1334,20.0
BAHook,1334,86.0
BAHook,1335,81.0
BAHook,1335,15.0
BAHook,1336,20.0
BAHook,1336,86.0
BAHook,1337,15.0
BAHook,1337,91.0
BAHook,1338,10.0
BAHook,1338,96.0
BAHook,1339,5.0
BAHook,1339,100.0
BAHook,1340,95.0
BAHook,1340,1.0
BAHook,1341,100.0
BAHook,1341,6.0
BAHook,1342,1.0
BAHook,1342,95.0
BAHook,1343,6.0
BAHook,1343,90.0
BAHook,1344,11.0
BAHook,1344,95.0
BAHook,1345,6.0
BAHook,1345,100.0
BAHook,1346,1.0
BAHook,1346,95.0
BAHook,1347,90.0
BAHook,1347,6.0
BAHook,1348,11.0
BAHook,1348,85.0
BAHook,1349,16.0
BAHook,1349,90.0
BAHook,1350,11.0
BAHook,1350,85.0
BAHook,1351,16.0
BAHook,1351,80.0
BAHook,1352,75.0
BAHook,1352,21.0
BAHook,1353,26.0
BAHook,1353,80.0
BAHook,1354,21.0
BAHook,1354,75.0
BAHook,1355,26.0
BAHook,1355,80.0
BAHook,1356,21.0
BAHook,1356,85.0
BAHook,1357,80.0
BAHook,1357,16.0
BAHook,1358,75.0
BAHook,1358,21.0
BAHook,1359,26.0
BAHook,1359,70.0
BAHook,1360,31.0
BAHook,1360,75.0
BAHook,1361,26.0
BAHook,1361,70.0
BAHook,1362,31.0
BAHook,1362,75.0
BAHook,1363,26.0
BAHook,1363,70.0
BAHook,1364,75.0
BAHook,1364,31.0
BAHook,1365,26.0
BAHook,1365,70.0
BAHook,1366,31.0
BAHook,1366,75.0
BAHook,1367,26.0
BAHook,1367,70.0
BAHook,1368,31.0
BAHook,1368,65.0
BAHook,1368,36.0
BAHook,1369,60.0
BAHook,1369,36.0
BAHook,1370,41.0
BAHook,1370,65.0
BAHook,1371,36.0
BAHook,1371,70.0
BAHook,1372,31.0
BAHook,1372,65.0
BAHook,1373,36.0
BAHook,1373,60.0
BAHook,1374,55.0
BAHook,1374,41.0
BAHook,1375,46.0
BAHook,1375,60.0
BAHook,1376,41.0
BAHook,1376,55.0
BAHook,1377,46.0
BAHook,1377,60.0
BAHook,1378,41.0
BAHook,1378,55.0
BAHook,1379,50.0
BAHook,1379,46.0
BAHook,1380,45.0
BAHook,1380,51.0
BAHook,1381,56.0
BAHook,1381,50.0
BAHook,1382,51.0
BAHook,1382,55.0
BAHook,1383,46.0
BAHook,1383,50.0
BAHook,1384,51.0
BAHook,1384,45.0
BAHook,1385,40.0
BAHook,1385,56.0
BAHook,1386,61.0
BAHook,1386,45.0
BAHook,1387,56.0
BAHook,1387,50.0
BAHook,1388,51.0
BAHook,1388,55.0
BAHook,1389,46.0
BAHook,1389,60.0
BAHook,1390,41.0
BAHook,1390,55.0
BAHook,1391,50.0
BAHook,1391,46.0
BAHook,1392,55.0
BAHook,1392,51.0
BAHook,1393,46.0
BAHook,1393,50.0
BAHook,1394,51.0
BAHook,1394,45.0
BAHook,1395,56.0
BAHook,1395,40.0
BAHook,1396,61.0
BAHook,1396,35.0
BAHook,1397,66.0
BAHook,1397,30.0
BAHook,1398,35.0
BAHook,1398,71.0
BAHook,1399,66.0
BAHook,1399,40.0
BAHook,1400,61.0
BAHook,1400,35.0
BAHook,1401,66.0
BAHook,1401,40.0
BAHook,1402,61.0
BAHook,1402,45.0
BAHook,1403,40.0
BAHook,1403,56.0
BAHook,1404,35.0
BAHook,1404,61.0
BAHook,1405,66.0
BAHook,1405,30.0
BAHook,1406,71.0
BAHook,1406,25.0
BAHook,1407,76.0
BAHook,1407,20.0
BAHook,1408,81.0
BAHook,1408,25.0
BAHook,1409,76.0
BAHook,1409,30.0
BAHook,1410,25.0
BAHook,1410,71.0
BAHook,1411,76.0
BAHook,1411,20.0
BAHook,1412,81.0
BAHook,1412,25.0
BAHook,1413,76.0
BAHook,1413,30.0
BAHook,1414,71.0
BAHook,1414,25.0
BAHook,1415,30.0
BAHook,1415,76.0
BAHook,1416,71.0
BAHook,1416,25.0
BAHook,1417,76.0
BAHook,1417,20.0
BAHook,1418,81.0
BAHook,1418,25.0
BAHook,1419,76.0
BAHook,1419,20.0
BAHook,1420,25.0
BAHook,1420,81.0
BAHook,1421,76.0
BAHook,1421,30.0
BAHook,1422,71.0
BAHook,1422,35.0
BAHook,1423,66.0
BAHook,1423,30.0
BAHook,1424,71.0
BAHook,1424,35.0
BAHook,1425,66.0
BAHook,1425,30.0
BAHook,1426,25.0
BAHook,1426,71.0
BAHook,1427,76.0
BAHook,1427,30.0
BAHook,1428,71.0
BAHook,1428,35.0
BAHook,1429,66.0
BAHook,1429,40.0
BAHook,1430,61.0
BAHook,1430,35.0
BAHook,1431,40.0
BAHook,1431,66.0
BAHook,1432,45.0
BAHook,1432,61.0
BAHook,1433,56.0
BAHook,1433,50.0
BAHook,1434,51.0
BAHook,1434,45.0
BAHook,1435,56.0
BAHook,1435,50.0
BAHook,1436,51.0
BAHook,1436,45.0
BAHook,1437,56.0
BAHook,1437,40.0
BAHook,1438,61.0
BAHook,1438,35.0
BAHook,1439,66.0
BAHook,1439,40.0
DAHook,60,19.0
DAHook,61,20.0
DAHook,64,21.0
DAHook,68,38.0
DAHook,69,39.0
DAHook,70,40.0
DAHook,71,41.0
DAHook,76,18.0
DAHook,80,19.0
DAHook,82,20.0
DAHook,87,39.0
DAHook,88,40.0
DAHook,89,41.0
DAHook,90,42.0
DAHook,92,17.0
DAHook,94,42.0
DAHook,97,17.0
DAHook,98,18.0
DAHook,99,19.0
DAHook,101,20.0
DAHook,105,21.0
DAHook,108,22.0
DAHook,113,37.0
DAHook,115,38.0
DAHook,116,39.0
DAHook,118,40.0
DAHook,120,41.0
DAHook,123,42.0
DAHook,125,17.0
DAHook,126,18.0
DAHook,129,19.0
DAHook,130,20.0
DAHook,139,21.0
DAHook,141,38.0
DAHook,142,39.0
DAHook,144,40.0
DAHook,146,41.0
DAHook,149,42.0
DAHook,150,17.0
DAHook,153,18.0
DAHook,154,19.0
DAHook,162,40.0
DAHook,163,19.0
DAHook,165,40.0
DAHook,166,41.0
DAHook,167,42.0
DAHook,168,43.0
DAHook,169,44.0
DAHook,170,45.0
DAHook,171,46.0
DAHook,175,47.0
DAHook,180,12.0
DAHook,181,13.0
DAHook,184,14.0
DAHook,185,45.0
DAHook,191,14.0
DAHook,195,15.0
DAHook,196,16.0
DAHook,197,17.0
DAHook,202,18.0
DAHook,203,19.0
DAHook,205,20.0
DAHook,208,39.0
DAHook,210,40.0
DAHook,216,41.0
DAHook,217,42.0
DAHook,218,17.0
DAHook,222,42.0
DAHook,225,17.0
DAHook,233,18.0
DAHook,234,19.0
DAHook,239,40.0
DAHook,242,19.0
DAHook,244,20.0
DAHook,247,39.0
DAHook,249,40.0
DAHook,251,19.0
DAHook,254,20.0
DAHook,255,21.0
DAHook,256,22.0
DAHook,258,23.0
DAHook,261,24.0
DAHook,263,35.0
DAHook,264,36.0
DAHook,265,37.0
DAHook,266,38.0
DAHook,269,39.0
DAHook,279,20.0
DAHook,287,21.0
DAHook,288,22.0
DAHook,289,23.0
DAHook,290,24.0
DAHook,295,25.0
DAHook,298,34.0
DAHook,301,35.0
DAHook,302,36.0
DAHook,303,37.0
DAHook,307,22.0
DAHook,308,23.0
DAHook,309,24.0
DAHook,311,25.0
DAHook,313,34.0
DAHook,315,35.0
DAHook,319,24.0
DAHook,321,25.0
DAHook,322,26.0
DAHook,323,27.0
DAHook,325,28.0
DAHook,330,31.0
DAHook,331,32.0
DAHook,332,33.0
DAHook,334,34.0
DAHook,337,25.0
DAHook,343,34.0
DAHook,344,25.0
DAHook,345,34.0
DAHook,346,35.0
DAHook,348,24.0
DAHook,351,25.0
DAHook,352,34.0
DAHook,357,25.0
DAHook,359,26.0
DAHook,361,33.0
DAHook,364,34.0
DAHook,366,35.0
DAHook,371,24.0
DAHook,372,25.0
DAHook,373,26.0
DAHook,378,33.0
DAHook,379,34.0
DAHook,383,25.0
DAHook,389,26.0
DAHook,391,27.0
DAHook,396,32.0
DAHook,397,33.0
DAHook,401,26.0
DAHook,402,27.0
DAHook,403,28.0
DAHook,405,29.0
DAHook,410,30.0
DAHook,411,31.0
DAHook,412,32.0
DAHook,422,33.0
DAHook,423,34.0
DAHook,426,25.0
DAHook,427,26.0
DAHook,428,27.0
DAHook,430,32.0
DAHook,432,33.0
DAHook,434,34.0
DAHook,435,35.0
DAHook,436,36.0
DAHook,440,23.0
DAHook,444,24.0
DAHook,446,25.0
DAHook,450,34.0
DAHook,458,25.0
DAHook,462,34.0
DAHook,464,25.0
DAHook,465,26.0
DAHook,471,27.0
DAHook,474,28.0
DAHook,475,29.0
DAHook,477,30.0
DAHook,480,29.0
DAHook,483,30.0
DAHook,487,29.0
DAHook,488,30.0
DAHook,489,31.0
DAHook,490,32.0
DAHook,493,33.0
DAHook,494,34.0
DAHook,496,35.0
DAHook,497,36.0
DAHook,501,23.0
DAHook,502,24.0
DAHook,504,35.0
DAHook,507,36.0
DAHook,509,37.0
DAHook,510,38.0
DAHook,513,39.0
DAHook,514,40.0
DAHook,518,19.0
DAHook,519,20.0
DAHook,521,21.0
DAHook,523,38.0
DAHook,525,21.0
DAHook,527,22.0
DAHook,528,37.0
DAHook,529,38.0
DAHook,536,21.0
DAHook,537,22.0
DAHook,541,37.0
DAHook,542,38.0
DAHook,545,39.0
DAHook,550,20.0
DAHook,551,21.0
DAHook,554,38.0
DAHook,558,21.0
DAHook,559,22.0
DAHook,560,23.0
DAHook,562,36.0
DAHook,563,23.0
DAHook,566,36.0
DAHook,571,23.0
DAHook,572,24.0
DAHook,573,25.0
DAHook,581,34.0
DAHook,590,25.0
DAHook,591,26.0
DAHook,593,27.0
DAHook,596,28.0
DAHook,600,31.0
DAHook,603,32.0
DAHook,605,33.0
DAHook,614,26.0
DAHook,615,33.0
DAHook,616,34.0
DAHook,627,25.0
DAHook,628,26.0
DAHook,630,33.0
DAHook,631,34.0
DAHook,636,25.0
DAHook,638,34.0
DAHook,643,35.0
DAHook,647,24.0
DAHook,648,25.0
DAHook,653,26.0
DAHook,654,27.0
DAHook,655,28.0
DAHook,660,29.0
DAHook,663,30.0
DAHook,665,29.0
DAHook,666,30.0
DAHook,670,29.0
DAHook,674,30.0
DAHook,676,29.0
DAHook,678,30.0
DAHook,679,31.0
DAHook,681,32.0
DAHook,690,27.0
DAHook,692,28.0
DAHook,695,29.0
DAHook,704,30.0
DAHook,707,31.0
DAHook,710,32.0
DAHook,712,27.0
DAHook,716,28.0
DAHook,719,31.0
DAHook,720,32.0
DAHook,724,33.0
DAHook,728,26.0
DAHook,729,27.0
DAHook,740,28.0
DAHook,741,29.0
DAHook,742,30.0
DAHook,743,31.0
DAHook,751,32.0
DAHook,754,33.0
DAHook,755,34.0
DAHook,756,35.0
DAHook,758,36.0
DAHook,759,37.0
DAHook,767,22.0
DAHook,770,23.0
DAHook,771,24.0
DAHook,772,25.0
DAHook,777,34.0
DAHook,781,25.0
DAHook,788,34.0
DAHook,791,25.0
DAHook,794,26.0
DAHook,795,27.0
DAHook,802,32.0
DAHook,803,33.0
DAHook,812,26.0
DAHook,817,33.0
DAHook,821,34.0
DAHook,822,35.0
DAHook,824,36.0
DAHook,826,23.0
DAHook,833,24.0
DAHook,834,25.0
DAHook,835,26.0
DAHook,841,27.0
DAHook,842,28.0
DAHook,855,31.0
DAHook,857,32.0
DAHook,870,27.0
DAHook,882,32.0
DAHook,883,33.0
DAHook,898,34.0
DAHook,905,25.0
DAHook,907,34.0
DAHook,910,25.0
DAHook,916,26.0
DAHook,944,33.0
DAHook,949,34.0
DAHook,960,25.0
DAHook,962,26.0
DAHook,963,27.0
DAHook,967,28.0
DAHook,968,29.0
DAHook,971,30.0
DAHook,975,29.0
DAHook,976,30.0
DAHook,978,31.0
DAHook,990,32.0
DAHook,992,33.0
DAHook,995,34.0
DAHook,1009,25.0
DAHook,1026,34.0
DAHook,1028,35.0
DAHook,1037,36.0
DAHook,1041,37.0
DAHook,1051,38.0
DAHook,1053,21.0
DAHook,1059,38.0
DAHook,1060,39.0
DAHook,1064,40.0
DAHook,1071,19.0
DAHook,1079,40.0
DAHook,1080,19.0
DAHook,1081,40.0
DAHook,1082,19.0
DAHook,1087,40.0
DAHook,1090,41.0
DAHook,1091,42.0
DAHook,1093,43.0
DAHook,1097,44.0
DAHook,1103,45.0
DAHook,1105,46.0
DAHook,1106,47.0
DAHook,1107,48.0
DAHook,1111,49.0
DAHook,1112,50.0
DAHook,1113,51.0
DAHook,1114,52.0
DAHook,1125,7.0
DAHook,1127,52.0
DAHook,1128,53.0
DAHook,1132,6.0
DAHook,1133,7.0
DAHook,1135,8.0
DAHook,1138,9.0
DAHook,1156,10.0
DAHook,1163,11.0
DAHook,1165,12.0
DAHook,1179,13.0
DAHook,1182,14.0
DAHook,1183,45.0
DAHook,1187,46.0
DAHook,1196,13.0
DAHook,1200,14.0
DAHook,1206,45.0
DAHook,1213,46.0
DAHook,1225,47.0
DAHook,1232,48.0
DAHook,1237,11.0
DAHook,1238,12.0
DAHook,1242,13.0
DAHook,1245,14.0
DAHook,1246,15.0
DAHook,1261,44.0
DAHook,1272,45.0
DAHook,1275,46.0
DAHook,1278,47.0
DAHook,1296,12.0
DAHook,1307,13.0
DAHook,1309,14.0
DAHook,1325,45.0
DAHook,1327,46.0
DAHook,1328,47.0
DAHook,1333,48.0
DAHook,1334,49.0
DAHook,1338,50.0
DAHook,1339,51.0
DAHook,1341,52.0
DAHook,1359,7.0
DAHook,1368,8.0
DAHook,1379,9.0
DAHook,1390,10.0
DAHook,1391,11.0
DAHook,1395,12.0
DAHook,1422,47.0
DAHook,1432,48.0
DAHook,1433,49.0
ABHook,61,26.03
ABHook,64,26.22
ABHook,68,33.48
ABHook,69,33.61
ABHook,70,33.73
ABHook,71,34.17
ABHook,76,25.71
ABHook,80,25.99
ABHook,82,26.17
ABHook,87,33.54
ABHook,88,33.98
ABHook,89,34.15
ABHook,90,34.68
ABHook,92,25.15
ABHook,94,34.67
ABHook,97,24.77
ABHook,98,25.25
ABHook,99,25.35
ABHook,101,25.48
ABHook,105,25.7
ABHook,108,25.89
ABHook,113,33.85
ABHook,115,34.0
ABHook,116,34.18
ABHook,118,34.42
ABHook,120,34.58
ABHook,123,34.83
ABHook,125,24.77
ABHook,126,24.87
ABHook,129,25.31
ABHook,130,25.54
ABHook,139,25.7
ABHook,141,34.16
ABHook,142,34.28
ABHook,144,34.38
ABHook,146,34.66
ABHook,149,34.81
ABHook,150,24.99
ABHook,153,25.35
ABHook,154,25.64
ABHook,162,34.19
ABHook,163,25.72
ABHook,165,33.96
ABHook,166,34.05
ABHook,167,34.27
ABHook,168,34.84
ABHook,169,35.08
ABHook,170,35.2
ABHook,171,35.72
ABHook,175,36.19
ABHook,180,23.54
ABHook,181,24.08
ABHook,184,24.2
ABHook,185,35.66
ABHook,191,24.19
ABHook,195,24.39
ABHook,196,24.78
ABHook,197,24.98
ABHook,202,25.27
ABHook,203,25.58
ABHook,205,25.79
ABHook,208,34.07
ABHook,210,34.17
ABHook,216,34.27
ABHook,217,34.53
ABHook,218,25.31
ABHook,222,34.53
ABHook,225,25.3
ABHook,233,25.47
ABHook,234,25.59
ABHook,239,34.22
ABHook,242,25.59
ABHook,244,25.74
ABHook,247,33.68
ABHook,249,33.89
ABHook,251,25.95
ABHook,254,26.11
ABHook,255,26.29
ABHook,256,26.4
ABHook,258,26.5
ABHook,261,26.73
ABHook,263,33.14
ABHook,264,33.47
ABHook,265,33.74
ABHook,266,33.92
ABHook,269,34.04
ABHook,270,34.18
ABHook,276,25.74
ABHook,279,25.89
ABHook,287,26.18
ABHook,288,26.4
ABHook,289,26.6
ABHook,290,26.77
ABHook,295,26.87
ABHook,298,32.77
ABHook,301,33.07
ABHook,302,33.35
ABHook,303,33.58
ABHook,307,26.32
ABHook,308,26.51
ABHook,309,26.8
ABHook,311,27.23
ABHook,313,32.6
ABHook,315,32.77
ABHook,321,26.8
ABHook,322,27.51
ABHook,323,28.16
ABHook,325,28.28
ABHook,330,31.12
ABHook,331,31.4
ABHook,332,31.59
ABHook,334,31.83
ABHook,337,27.6
ABHook,343,31.82
ABHook,345,31.93
ABHook,346,32.03
ABHook,348,27.38
ABHook,351,27.47
ABHook,352,32.32
ABHook,357,27.57
ABHook,359,27.74
ABHook,361,31.96
ABHook,364,32.11
ABHook,366,32.63
ABHook,371,27.22
ABHook,372,27.45
ABHook,373,27.54
ABHook,378,32.36
ABHook,379,32.97
ABHook,383,26.78
ABHook,389,26.98
ABHook,391,27.27
ABHook,396,32.65
ABHook,397,32.96
ABHook,401,26.95
ABHook,402,27.18
ABHook,403,27.62
ABHook,405,27.71
ABHook,410,32.18
ABHook,411,32.3
ABHook,412,32.42
ABHook,422,32.6
ABHook,423,32.88
ABHook,426,26.7
ABHook,427,27.05
ABHook,428,27.46
ABHook,430,31.47
ABHook,432,31.65
ABHook,434,31.81
ABHook,435,31.89
ABHook,436,32.29
ABHook,444,27.16
ABHook,446,27.56
ABHook,450,32.24
ABHook,458,27.63
ABHook,462,32.28
ABHook,464,27.56
ABHook,465,27.7
ABHook,471,27.81
ABHook,474,27.93
ABHook,475,28.03
ABHook,477,31.5
ABHook,480,28.34
ABHook,483,31.13
ABHook,487,28.17
ABHook,488,28.71
ABHook,489,28.9
ABHook,490,29.28
ABHook,493,29.66
ABHook,494,29.86
ABHook,496,30.01
ABHook,497,30.37
ABHook,501,29.53
ABHook,502,30.12
ABHook,504,29.79
ABHook,507,29.88
ABHook,508,30.0
ABHook,509,30.08
ABHook,510,30.27
ABHook,513,30.37
ABHook,514,30.55
ABHook,518,29.26
ABHook,519,29.76
ABHook,521,30.1
ABHook,523,29.41
ABHook,525,30.32
ABHook,527,30.48
ABHook,528,29.33
ABHook,529,29.47
ABHook,536,30.4
ABHook,537,30.49
ABHook,541,29.25
ABHook,542,29.36
ABHook,545,29.55
ABHook,550,30.12
ABHook,551,30.21
ABHook,554,29.41
ABHook,558,30.45
ABHook,559,30.7
ABHook,560,30.78
ABHook,562,29.05
ABHook,563,30.7
ABHook,566,29.22
ABHook,571,30.65
ABHook,572,30.94
ABHook,573,31.23
ABHook,581,28.4
ABHook,590,31.46
ABHook,591,32.0
ABHook,593,32.13
ABHook,596,32.52
ABHook,600,27.2
ABHook,603,27.55
ABHook,605,27.67
ABHook,614,32.22
ABHook,615,27.48
ABHook,616,27.68
ABHook,627,32.12
ABHook,628,32.24
ABHook,630,27.64
ABHook,631,27.84
ABHook,636,32.03
ABHook,642,27.87
ABHook,643,28.02
ABHook,647,31.71
ABHook,648,31.82
ABHook,653,31.91
ABHook,654,32.01
ABHook,655,32.09
ABHook,660,32.29
ABHook,663,32.77
ABHook,665,27.1
ABHook,666,27.2
ABHook,670,32.67
ABHook,674,27.16
ABHook,676,32.67
ABHook,678,26.94
ABHook,679,27.3
ABHook,681,27.5
ABHook,691,32.35
ABHook,692,32.49
ABHook,695,33.03
ABHook,704,26.8
ABHook,707,26.92
ABHook,710,27.03
ABHook,712,32.82
ABHook,716,33.01
ABHook,719,26.83
ABHook,720,27.18
ABHook,724,27.27
ABHook,728,32.6
ABHook,729,32.95
ABHook,740,33.24
ABHook,741,33.34
ABHook,742,33.43
ABHook,743,33.57
ABHook,751,33.88
ABHook,754,34.12
ABHook,755,34.46
ABHook,756,34.65
ABHook,758,34.99
ABHook,759,35.63
ABHook,767,23.82
ABHook,770,24.21
ABHook,771,24.55
ABHook,772,24.64
ABHook,777,35.22
ABHook,781,24.64
ABHook,788,35.06
ABHook,791,24.59
ABHook,794,24.79
ABHook,795,25.06
ABHook,802,34.81
ABHook,803,34.97
ABHook,812,24.7
ABHook,817,35.11
ABHook,821,35.23
ABHook,822,35.32
ABHook,824,35.53
ABHook,826,24.35
ABHook,833,24.68
ABHook,834,24.78
ABHook,835,24.95
ABHook,841,25.56
ABHook,842,25.91
ABHook,855,33.9
ABHook,857,34.23
ABHook,870,25.24
ABHook,882,34.47
ABHook,883,34.57
ABHook,898,34.9
ABHook,905,24.88
ABHook,907,35.02
ABHook,910,24.89
ABHook,916,24.98
ABHook,944,34.84
ABHook,949,34.99
ABHook,960,24.9
ABHook,962,25.08
ABHook,963,25.36
ABHook,967,26.06
ABHook,968,26.23
ABHook,971,26.54
ABHook,975,33.02
ABHook,976,33.17
ABHook,978,33.41
ABHook,990,33.51
ABHook,992,33.89
ABHook,995,34.12
ABHook,1009,25.67
ABHook,1026,33.85
ABHook,1028,33.96
ABHook,1037,34.12
ABHook,1041,34.3
ABHook,1051,34.45
ABHook,1053,25.45
ABHook,1059,34.24
ABHook,1060,34.35
ABHook,1064,34.46
ABHook,1071,25.34
ABHook,1079,34.41
ABHook,1080,25.51
ABHook,1081,34.29
ABHook,1082,25.61
ABHook,1087,34.3
ABHook,1090,34.5
ABHook,1091,34.64
ABHook,1093,34.81
ABHook,1097,34.93
ABHook,1103,35.24
ABHook,1105,35.41
ABHook,1106,35.68
ABHook,1107,35.92
ABHook,1111,36.15
ABHook,1112,36.34
ABHook,1113,36.49
ABHook,1114,36.62
ABHook,1125,23.25
ABHook,1127,36.62
ABHook,1128,36.79
ABHook,1132,22.94
ABHook,1133,23.11
ABHook,1135,23.21
ABHook,1138,23.34
ABHook,1156,23.44
ABHook,1163,23.55
ABHook,1165,23.71
ABHook,1179,24.06
ABHook,1182,24.16
ABHook,1183,35.19
ABHook,1187,35.3
ABHook,1196,24.57
ABHook,1200,24.65
ABHook,1206,35.17
ABHook,1213,35.26
ABHook,1225,35.52
ABHook,1232,35.71
ABHook,1237,24.21
ABHook,1238,24.36
ABHook,1242,24.46
ABHook,1245,24.58
ABHook,1246,24.71
ABHook,1261,35.17
ABHook,1272,35.44
ABHook,1275,35.55
ABHook,1278,35.65
ABHook,1296,24.08
ABHook,1307,24.17
ABHook,1309,24.33
ABHook,1325,35.55
ABHook,1327,35.64
ABHook,1328,35.92
ABHook,1333,36.04
ABHook,1334,36.26
ABHook,1338,36.42
ABHook,1339,36.53
ABHook,1341,36.62
ABHook,1359,23.23
ABHook,1368,23.35
ABHook,1379,23.59
ABHook,1390,23.68
ABHook,1391,23.8
ABHook,1395,23.96
ABHook,1422,35.89
ABHook,1432,36.01
ABHook,1433,36.24
VolatilityHook,60,6.49
VolatilityHook,61,6.5
VolatilityHook,64,6.43
VolatilityHook,68,6.4
VolatilityHook,69,6.44
VolatilityHook,70,6.38
VolatilityHook,71,6.42
VolatilityHook,73,6.36
VolatilityHook,75,6.31
VolatilityHook,76,6.29
VolatilityHook,80,6.48
VolatilityHook,82,6.43
VolatilityHook,84,6.4
VolatilityHook,87,6.36
VolatilityHook,88,6.46
VolatilityHook,89,6.4
VolatilityHook,90,6.49
VolatilityHook,91,6.43
VolatilityHook,92,6.37
VolatilityHook,94,6.36
VolatilityHook,96,6.7
VolatilityHook,97,6.67
VolatilityHook,98,6.68
VolatilityHook,99,6.59
VolatilityHook,101,6.52
VolatilityHook,105,6.47
VolatilityHook,106,6.42
VolatilityHook,108,6.36
VolatilityHook,110,6.41
VolatilityHook,111,6.4
VolatilityHook,113,6.36
VolatilityHook,115,6.36
VolatilityHook,116,6.31
VolatilityHook,118,6.28
VolatilityHook,120,6.23
VolatilityHook,123,6.21
VolatilityHook,124,6.26
VolatilityHook,126,6.28
VolatilityHook,129,6.36
VolatilityHook,130,6.32
VolatilityHook,132,6.27
VolatilityHook,133,6.24
VolatilityHook,137,6.2
VolatilityHook,139,6.16
VolatilityHook,141,6.2
VolatilityHook,142,6.26
VolatilityHook,143,6.2
VolatilityHook,144,6.17
VolatilityHook,146,6.29
VolatilityHook,149,6.24
VolatilityHook,150,6.21
VolatilityHook,153,6.42
VolatilityHook,154,6.4
VolatilityHook,156,6.34
VolatilityHook,162,6.29
VolatilityHook,163,6.26
VolatilityHook,164,6.42
VolatilityHook,165,6.37
VolatilityHook,166,6.33
VolatilityHook,167,6.29
VolatilityHook,168,6.42
VolatilityHook,169,6.39
VolatilityHook,170,6.32
VolatilityHook,171,6.42
VolatilityHook,175,6.48
VolatilityHook,176,6.44
VolatilityHook,177,6.43
VolatilityHook,180,6.42
VolatilityHook,181,6.71
VolatilityHook,184,6.63
VolatilityHook,185,6.56
VolatilityHook,186,6.58
VolatilityHook,191,6.53
VolatilityHook,195,6.49
VolatilityHook,196,6.5
VolatilityHook,197,6.45
VolatilityHook,202,6.42
VolatilityHook,203,6.41
VolatilityHook,204,6.36
VolatilityHook,205,6.34
VolatilityHook,206,6.38
VolatilityHook,208,6.35
VolatilityHook,210,6.29
VolatilityHook,211,6.23
VolatilityHook,212,6.25
VolatilityHook,213,6.28
VolatilityHook,214,6.26
VolatilityHook,216,6.25
VolatilityHook,217,6.22
VolatilityHook,218,6.17
VolatilityHook,219,6.26
VolatilityHook,220,6.22
VolatilityHook,222,6.17
VolatilityHook,224,6.12
VolatilityHook,225,6.13
VolatilityHook,233,6.09
VolatilityHook,234,6.05
VolatilityHook,238,6.03
VolatilityHook,239,6.06
VolatilityHook,240,6.03
VolatilityHook,242,6.01
VolatilityHook,244,6.01
VolatilityHook,245,6.2
VolatilityHook,246,6.19
VolatilityHook,247,6.16
VolatilityHook,249,6.27
VolatilityHook,250,6.22
VolatilityHook,251,6.22
VolatilityHook,254,6.17
VolatilityHook,255,6.14
VolatilityHook,256,6.09
VolatilityHook,258,6.04
VolatilityHook,259,6.03
VolatilityHook,261,6.0
VolatilityHook,262,6.04
VolatilityHook,263,6.08
VolatilityHook,264,6.08
VolatilityHook,265,6.08
VolatilityHook,266,6.06
VolatilityHook,269,6.01
VolatilityHook,275,5.98
VolatilityHook,279,6.0
VolatilityHook,285,6.06
VolatilityHook,286,6.03
VolatilityHook,287,6.02
VolatilityHook,288,5.99
VolatilityHook,289,5.98
VolatilityHook,290,5.95
VolatilityHook,292,5.91
VolatilityHook,293,5.9
VolatilityHook,294,5.92
VolatilityHook,295,5.92
VolatilityHook,296,6.1
VolatilityHook,298,6.06
VolatilityHook,301,6.15
VolatilityHook,302,6.15
VolatilityHook,303,6.13
VolatilityHook,307,6.08
VolatilityHook,308,6.2
VolatilityHook,309,6.2
VolatilityHook,311,6.26
VolatilityHook,313,6.22
VolatilityHook,315,6.3
VolatilityHook,319,6.35
VolatilityHook,321,6.37
VolatilityHook,322,6.53
VolatilityHook,323,6.67
VolatilityHook,325,6.59
VolatilityHook,327,6.69
VolatilityHook,329,6.62
VolatilityHook,330,6.57
VolatilityHook,331,6.7
VolatilityHook,332,6.63
VolatilityHook,334,6.58
VolatilityHook,336,6.66
VolatilityHook,337,6.64
VolatilityHook,341,6.69
VolatilityHook,343,6.63
VolatilityHook,344,6.56
VolatilityHook,345,6.56
VolatilityHook,346,6.6
VolatilityHook,348,6.69
VolatilityHook,351,6.68
VolatilityHook,352,6.62
VolatilityHook,356,6.62
VolatilityHook,357,6.59
VolatilityHook,359,6.52
VolatilityHook,360,6.49
VolatilityHook,361,6.44
VolatilityHook,364,6.4
VolatilityHook,366,6.49
VolatilityHook,368,6.43
VolatilityHook,371,6.39
VolatilityHook,373,6.36
VolatilityHook,375,6.32
VolatilityHook,378,6.32
VolatilityHook,379,6.45
VolatilityHook,383,6.41
VolatilityHook,384,6.48
VolatilityHook,385,6.44
VolatilityHook,386,6.39
VolatilityHook,387,6.32
VolatilityHook,388,6.29
VolatilityHook,389,6.26
VolatilityHook,395,6.25
VolatilityHook,396,6.21
VolatilityHook,397,6.22
VolatilityHook,400,6.17
VolatilityHook,401,6.14
VolatilityHook,402,6.15
VolatilityHook,403,6.23
VolatilityHook,405,6.17
VolatilityHook,407,6.12
VolatilityHook,408,6.15
VolatilityHook,409,6.12
VolatilityHook,411,6.1
VolatilityHook,412,6.07
VolatilityHook,417,6.04
VolatilityHook,420,6.02
VolatilityHook,421,6.0
VolatilityHook,422,5.96
VolatilityHook,423,5.95
VolatilityHook,424,6.05
VolatilityHook,426,6.08
VolatilityHook,427,6.1
VolatilityHook,428,6.17
VolatilityHook,429,6.75
VolatilityHook,430,6.7
VolatilityHook,432,6.63
VolatilityHook,435,6.56
VolatilityHook,436,6.61
VolatilityHook,438,6.68
VolatilityHook,440,6.63
VolatilityHook,442,6.55
VolatilityHook,444,6.48
VolatilityHook,445,6.54
VolatilityHook,446,6.48
VolatilityHook,447,6.5
VolatilityHook,450,6.44
VolatilityHook,457,6.41
VolatilityHook,459,6.4
VolatilityHook,461,6.34
VolatilityHook,462,6.33
VolatilityHook,463,6.29
VolatilityHook,464,6.27
VolatilityHook,465,6.23
VolatilityHook,469,6.17
VolatilityHook,471,6.13
VolatilityHook,474,6.14
VolatilityHook,475,6.09
VolatilityHook,476,6.19
VolatilityHook,477,6.15
VolatilityHook,478,6.16
VolatilityHook,480,6.19
VolatilityHook,482,6.27
VolatilityHook,483,6.23
VolatilityHook,484,6.56
VolatilityHook,485,6.52
VolatilityHook,487,6.46
VolatilityHook,488,6.66
VolatilityHook,489,6.59
VolatilityHook,490,6.58
VolatilityHook,493,6.58
VolatilityHook,494,6.52
VolatilityHook,495,6.46
VolatilityHook,496,6.45
VolatilityHook,497,6.63
VolatilityHook,500,6.55
VolatilityHook,501,6.52
VolatilityHook,504,6.63
VolatilityHook,506,6.59
VolatilityHook,507,6.56
VolatilityHook,509,6.58
VolatilityHook,510,6.54
VolatilityHook,511,6.46
VolatilityHook,513,6.41
VolatilityHook,514,6.43
VolatilityHook,516,6.38
VolatilityHook,518,6.34
VolatilityHook,519,6.47
VolatilityHook,521,6.46
VolatilityHook,522,6.52
VolatilityHook,523,6.47
VolatilityHook,525,6.46
VolatilityHook,526,6.5
VolatilityHook,527,6.45
VolatilityHook,528,6.47
VolatilityHook,529,6.5
VolatilityHook,530,6.44
VolatilityHook,532,6.41
VolatilityHook,535,6.38
VolatilityHook,536,6.34
VolatilityHook,537,6.29
VolatilityHook,538,6.27
VolatilityHook,541,6.24
VolatilityHook,542,6.19
VolatilityHook,545,6.16
VolatilityHook,547,6.18
VolatilityHook,548,6.17
VolatilityHook,549,6.13
VolatilityHook,550,6.09
VolatilityHook,551,6.05
VolatilityHook,552,6.11
VolatilityHook,553,6.08
VolatilityHook,554,6.04
VolatilityHook,555,6.0
VolatilityHook,556,6.03
VolatilityHook,557,6.03
VolatilityHook,558,6.02
VolatilityHook,560,6.03
VolatilityHook,561,6.03
VolatilityHook,562,6.04
VolatilityHook,563,6.04
VolatilityHook,564,6.1
VolatilityHook,566,6.1
VolatilityHook,567,6.06
VolatilityHook,569,6.06
VolatilityHook,570,6.05
VolatilityHook,571,6.08
VolatilityHook,572,6.06
VolatilityHook,573,6.08
VolatilityHook,575,6.13
VolatilityHook,581,6.1
VolatilityHook,585,6.09
VolatilityHook,589,6.05
VolatilityHook,590,6.03
VolatilityHook,591,6.16
VolatilityHook,593,6.11
VolatilityHook,596,6.17
VolatilityHook,597,6.16
VolatilityHook,598,6.16
VolatilityHook,600,6.15
VolatilityHook,603,6.34
VolatilityHook,605,6.28
VolatilityHook,606,6.22
VolatilityHook,614,6.19
VolatilityHook,615,6.24
VolatilityHook,616,6.34
VolatilityHook,617,6.29
VolatilityHook,618,6.25
VolatilityHook,623,6.22
VolatilityHook,626,6.23
VolatilityHook,627,6.19
VolatilityHook,628,6.2
VolatilityHook,630,6.15
VolatilityHook,631,6.27
VolatilityHook,635,6.21
VolatilityHook,636,6.19
VolatilityHook,637,6.15
VolatilityHook,640,6.16
VolatilityHook,642,6.15
VolatilityHook,643,6.2
VolatilityHook,645,6.2
VolatilityHook,648,6.23
VolatilityHook,653,6.18
VolatilityHook,655,6.13
VolatilityHook,660,6.13
VolatilityHook,662,6.23
VolatilityHook,663,6.19
VolatilityHook,664,6.19
VolatilityHook,665,6.15
VolatilityHook,666,6.12
VolatilityHook,670,6.08
VolatilityHook,673,6.19
VolatilityHook,674,6.14
VolatilityHook,675,6.15
VolatilityHook,676,6.13
VolatilityHook,677,6.22
VolatilityHook,678,6.22
VolatilityHook,679,6.24
VolatilityHook,681,6.21
VolatilityHook,684,6.16
VolatilityHook,688,6.12
VolatilityHook,691,6.07
VolatilityHook,692,6.04
VolatilityHook,693,6.2
VolatilityHook,694,6.17
VolatilityHook,695,6.13
VolatilityHook,699,6.11
VolatilityHook,704,6.1
VolatilityHook,705,6.07
VolatilityHook,707,6.08
VolatilityHook,708,6.14
VolatilityHook,709,6.13
VolatilityHook,710,6.11
VolatilityHook,712,6.07
VolatilityHook,716,6.2
VolatilityHook,718,6.16
VolatilityHook,719,6.13
VolatilityHook,720,6.21
VolatilityHook,722,6.16
VolatilityHook,723,6.12
VolatilityHook,724,6.09
VolatilityHook,725,6.05
VolatilityHook,726,6.05
VolatilityHook,728,6.0
VolatilityHook,729,6.02
VolatilityHook,734,6.03
VolatilityHook,735,6.04
VolatilityHook,740,6.02
VolatilityHook,741,6.0
VolatilityHook,742,5.95
VolatilityHook,743,5.92
VolatilityHook,751,5.96
VolatilityHook,752,5.96
VolatilityHook,753,5.95
VolatilityHook,754,5.93
VolatilityHook,755,6.02
VolatilityHook,756,5.99
VolatilityHook,758,6.04
VolatilityHook,759,6.28
VolatilityHook,762,6.41
VolatilityHook,763,6.37
VolatilityHook,767,6.32
VolatilityHook,770,6.49
VolatilityHook,772,6.48
VolatilityHook,777,6.43
VolatilityHook,780,6.47
VolatilityHook,781,6.45
VolatilityHook,784,6.43
VolatilityHook,788,6.37
VolatilityHook,789,6.44
VolatilityHook,791,6.4
VolatilityHook,792,6.37
VolatilityHook,794,6.32
VolatilityHook,795,6.37
VolatilityHook,797,6.31
VolatilityHook,799,6.26
VolatilityHook,802,6.2
VolatilityHook,803,6.17
VolatilityHook,804,6.19
VolatilityHook,807,6.17
VolatilityHook,810,6.14
VolatilityHook,811,6.13
VolatilityHook,812,6.11
VolatilityHook,814,6.17
VolatilityHook,817,6.13
VolatilityHook,822,6.12
VolatilityHook,824,6.13
VolatilityHook,825,6.09
VolatilityHook,826,6.1
VolatilityHook,827,6.12
VolatilityHook,831,6.09
VolatilityHook,834,6.07
VolatilityHook,835,6.06
VolatilityHook,837,6.27
VolatilityHook,838,6.24
VolatilityHook,840,6.2
VolatilityHook,841,6.14
VolatilityHook,842,6.14
VolatilityHook,843,6.11
VolatilityHook,847,6.08
VolatilityHook,849,6.04
VolatilityHook,851,6.05
VolatilityHook,852,6.06
VolatilityHook,854,6.06
VolatilityHook,855,6.05
VolatilityHook,857,6.08
VolatilityHook,858,6.23
VolatilityHook,863,6.23
VolatilityHook,865,6.18
VolatilityHook,866,6.15
VolatilityHook,868,6.16
VolatilityHook,870,6.14
VolatilityHook,877,6.16
VolatilityHook,881,6.15
VolatilityHook,882,6.11
VolatilityHook,883,6.14
VolatilityHook,884,6.16
VolatilityHook,885,6.13
VolatilityHook,886,6.11
VolatilityHook,892,6.13
VolatilityHook,895,6.1
VolatilityHook,898,6.06
VolatilityHook,900,6.04
VolatilityHook,905,6.03
VolatilityHook,906,6.0
VolatilityHook,907,5.99
VolatilityHook,908,5.96
VolatilityHook,910,5.93
VolatilityHook,916,5.93
VolatilityHook,918,5.91
VolatilityHook,920,5.9
VolatilityHook,924,5.86
VolatilityHook,926,5.85
VolatilityHook,928,5.82
VolatilityHook,929,5.81
VolatilityHook,930,5.78
VolatilityHook,938,5.84
VolatilityHook,944,5.91
VolatilityHook,949,5.89
VolatilityHook,954,5.86
VolatilityHook,957,5.89
VolatilityHook,959,5.88
VolatilityHook,960,5.89
VolatilityHook,962,5.87
VolatilityHook,963,5.9
VolatilityHook,965,6.23
VolatilityHook,966,6.21
VolatilityHook,967,6.18
VolatilityHook,968,6.16
VolatilityHook,971,6.17
VolatilityHook,973,6.24
VolatilityHook,975,6.21
VolatilityHook,976,6.19
VolatilityHook,978,6.17
VolatilityHook,990,6.11
VolatilityHook,992,6.16
VolatilityHook,995,6.14
VolatilityHook,996,6.12
VolatilityHook,999,6.08
VolatilityHook,1001,6.05
VolatilityHook,1006,6.02
VolatilityHook,1008,5.99
VolatilityHook,1009,5.96
VolatilityHook,1023,6.22
VolatilityHook,1025,6.18
VolatilityHook,1026,6.13
VolatilityHook,1028,6.08
VolatilityHook,1031,6.05
VolatilityHook,1035,6.02
VolatilityHook,1037,5.97
VolatilityHook,1038,6.1
VolatilityHook,1041,6.08
VolatilityHook,1045,6.12
VolatilityHook,1047,6.09
VolatilityHook,1051,6.04
VolatilityHook,1052,6.1
VolatilityHook,1053,6.13
VolatilityHook,1058,6.12
VolatilityHook,1060,6.16
VolatilityHook,1064,6.12
VolatilityHook,1067,6.1
VolatilityHook,1070,6.07
VolatilityHook,1071,6.03
VolatilityHook,1073,6.02
VolatilityHook,1075,6.03
VolatilityHook,1076,6.01
VolatilityHook,1079,5.99
VolatilityHook,1080,5.96
VolatilityHook,1081,6.11
VolatilityHook,1082,6.17
VolatilityHook,1084,6.22
VolatilityHook,1086,6.18
VolatilityHook,1087,6.14
VolatilityHook,1090,6.09
VolatilityHook,1091,6.05
VolatilityHook,1093,6.02
VolatilityHook,1097,5.98
VolatilityHook,1103,6.01
VolatilityHook,1105,5.99
VolatilityHook,1106,6.0
VolatilityHook,1107,6.0
VolatilityHook,1109,5.99
VolatilityHook,1110,5.96
VolatilityHook,1111,5.95
VolatilityHook,1112,5.92
VolatilityHook,1113,5.9
VolatilityHook,1114,5.87
VolatilityHook,1123,5.84
VolatilityHook,1124,5.84
VolatilityHook,1125,5.81
VolatilityHook,1127,5.78
VolatilityHook,1128,5.95
VolatilityHook,1129,5.97
VolatilityHook,1131,5.96
VolatilityHook,1132,5.93
VolatilityHook,1133,5.89
VolatilityHook,1135,5.86
VolatilityHook,1138,5.83
VolatilityHook,1143,5.8
VolatilityHook,1145,5.8
VolatilityHook,1156,5.8
VolatilityHook,1163,5.78
VolatilityHook,1165,5.76
VolatilityHook,1174,5.85
VolatilityHook,1176,5.84
VolatilityHook,1182,5.86
VolatilityHook,1183,6.2
VolatilityHook,1185,6.25
VolatilityHook,1187,6.21
VolatilityHook,1191,6.23
VolatilityHook,1193,6.21
VolatilityHook,1195,6.19
VolatilityHook,1200,6.17
VolatilityHook,1203,6.17
VolatilityHook,1204,6.14
VolatilityHook,1207,6.09
VolatilityHook,1211,6.09
VolatilityHook,1213,6.14
VolatilityHook,1215,6.11
VolatilityHook,1221,6.12
VolatilityHook,1222,6.15
VolatilityHook,1223,6.12
VolatilityHook,1225,6.1
VolatilityHook,1227,6.06
VolatilityHook,1231,6.04
VolatilityHook,1233,6.05
VolatilityHook,1237,6.02
VolatilityHook,1238,6.02
VolatilityHook,1242,5.98
VolatilityHook,1245,5.94
VolatilityHook,1246,5.91
VolatilityHook,1250,5.88
VolatilityHook,1258,5.88
VolatilityHook,1260,5.9
VolatilityHook,1261,5.91
VolatilityHook,1272,5.96
VolatilityHook,1275,5.92
VolatilityHook,1278,5.88
VolatilityHook,1282,5.91
VolatilityHook,1286,5.88
VolatilityHook,1288,5.87
VolatilityHook,1290,5.84
VolatilityHook,1292,5.83
VolatilityHook,1293,5.83
VolatilityHook,1300,5.81
VolatilityHook,1307,5.78
VolatilityHook,1309,5.76
VolatilityHook,1312,5.74
VolatilityHook,1314,5.79
VolatilityHook,1319,5.84
VolatilityHook,1321,5.84
VolatilityHook,1323,5.83
VolatilityHook,1325,5.81
VolatilityHook,1327,5.81
VolatilityHook,1328,5.85
VolatilityHook,1333,5.82
VolatilityHook,1334,5.83
VolatilityHook,1338,5.81
VolatilityHook,1341,5.78
VolatilityHook,1347,5.8
VolatilityHook,1352,5.8
VolatilityHook,1356,5.77
VolatilityHook,1357,5.79
VolatilityHook,1359,5.8
VolatilityHook,1366,5.78
VolatilityHook,1367,5.82
VolatilityHook,1368,5.87
VolatilityHook,1371,5.88
VolatilityHook,1373,5.86
VolatilityHook,1380,5.84
VolatilityHook,1381,5.82
VolatilityHook,1384,5.91
VolatilityHook,1385,5.9
VolatilityHook,1390,5.87
VolatilityHook,1391,5.84
VolatilityHook,1392,5.82
VolatilityHook,1394,5.8
VolatilityHook,1395,5.8
VolatilityHook,1402,5.77
VolatilityHook,1405,5.82
VolatilityHook,1406,5.81
VolatilityHook,1413,5.78
VolatilityHook,1419,5.78
VolatilityHook,1421,5.77
VolatilityHook,1422,5.82
VolatilityHook,1426,5.79
VolatilityHook,1427,5.78
VolatilityHook,1432,5.76
VolatilityHook,1433,5.79
VolatilityHook,1437,5.79
MEVChargeHook,69,310.0
MEVChargeHook,70,358.0
MEVChargeHook,71,389.0
MEVChargeHook,72,355.0
MEVChargeHook,73,351.0
MEVChargeHook,74,343.0
MEVChargeHook,75,398.0
MEVChargeHook,76,308.0
MEVChargeHook,77,306.0
MEVChargeHook,78,311.0
MEVChargeHook,87,336.0
MEVChargeHook,88,354.0
MEVChargeHook,89,431.0
MEVChargeHook,90,450.0
MEVChargeHook,91,431.0
MEVChargeHook,92,395.0
MEVChargeHook,93,397.0
MEVChargeHook,94,1000.0
MEVChargeHook,95,467.0
MEVChargeHook,96,437.0
MEVChargeHook,97,389.0
MEVChargeHook,98,359.0
MEVChargeHook,99,344.0
MEVChargeHook,100,352.0
MEVChargeHook,101,320.0
MEVChargeHook,102,330.0
MEVChargeHook,103,322.0
MEVChargeHook,104,335.0
MEVChargeHook,106,317.0
MEVChargeHook,107,311.0
MEVChargeHook,110,306.0
MEVChargeHook,113,317.0
MEVChargeHook,115,337.0
MEVChargeHook,116,364.0
MEVChargeHook,117,386.0
MEVChargeHook,118,399.0
MEVChargeHook,119,386.0
MEVChargeHook,120,427.0
MEVChargeHook,121,431.0
MEVChargeHook,122,423.0
MEVChargeHook,123,472.0
MEVChargeHook,124,431.0
MEVChargeHook,125,425.0
MEVChargeHook,126,358.0
MEVChargeHook,127,358.0
MEVChargeHook,128,354.0
MEVChargeHook,129,332.0
MEVChargeHook,130,315.0
MEVChargeHook,131,327.0
MEVChargeHook,132,340.0
MEVChargeHook,133,322.0
MEVChargeHook,134,316.0
MEVChargeHook,135,318.0
MEVChargeHook,136,322.0
MEVChargeHook,137,339.0
MEVChargeHook,138,322.0
MEVChargeHook,140,314.0
MEVChargeHook,141,343.0
MEVChargeHook,142,354.0
MEVChargeHook,143,329.0
MEVChargeHook,144,403.0
MEVChargeHook,145,411.0
MEVChargeHook,146,420.0
MEVChargeHook,147,418.0
MEVChargeHook,148,424.0
MEVChargeHook,149,443.0
MEVChargeHook,150,351.0
MEVChargeHook,151,359.0
MEVChargeHook,152,349.0
MEVChargeHook,153,319.0
MEVChargeHook,155,312.0
MEVChargeHook,156,319.0
MEVChargeHook,157,310.0
MEVChargeHook,159,309.0
MEVChargeHook,160,328.0
MEVChargeHook,161,326.0
MEVChargeHook,162,341.0
MEVChargeHook,165,316.0
MEVChargeHook,166,340.0
MEVChargeHook,167,420.0
MEVChargeHook,168,448.0
MEVChargeHook,169,461.0
MEVChargeHook,170,1000.0
MEVChargeHook,171,1000.0
MEVChargeHook,175,1000.0
MEVChargeHook,176,447.0
MEVChargeHook,177,484.0
MEVChargeHook,178,467.0
MEVChargeHook,179,482.0
MEVChargeHook,180,387.0
MEVChargeHook,181,372.0
MEVChargeHook,182,384.0
MEVChargeHook,183,384.0
MEVChargeHook,184,356.0
MEVChargeHook,185,407.0
MEVChargeHook,186,383.0
MEVChargeHook,187,375.0
MEVChargeHook,188,394.0
MEVChargeHook,189,385.0
MEVChargeHook,190,381.0
MEVChargeHook,191,332.0
MEVChargeHook,192,330.0
MEVChargeHook,193,328.0
MEVChargeHook,194,360.0
MEVChargeHook,325,30.0
MEVChargeHook,489,30.0
MEVChargeHook,490,30.0
MEVChargeHook,493,30.0
MEVChargeHook,494,30.0
MEVChargeHook,496,30.0
MEVChargeHook,497,30.0
MEVChargeHook,513,30.0
MEVChargeHook,514,30.0
MEVChargeHook,663,301.0
MEVChargeHook,670,294.0
MEVChargeHook,676,318.0
MEVChargeHook,692,313.0
MEVChargeHook,694,310.0
MEVChargeHook,695,332.0
MEVChargeHook,696,330.0
MEVChargeHook,697,333.0
MEVChargeHook,698,323.0
MEVChargeHook,699,303.0
MEVChargeHook,700,311.0
MEVChargeHook,701,310.0
MEVChargeHook,702,304.0
MEVChargeHook,703,305.0
MEVChargeHook,705,316.0
MEVChargeHook,706,303.0
MEVChargeHook,708,300.0
MEVChargeHook,712,310.0
MEVChargeHook,713,297.0
MEVChargeHook,714,311.0
MEVChargeHook,715,309.0
MEVChargeHook,716,327.0
MEVChargeHook,717,330.0
MEVChargeHook,718,305.0
MEVChargeHook,728,301.0
MEVChargeHook,729,332.0
MEVChargeHook,730,318.0
MEVChargeHook,731,318.0
MEVChargeHook,732,319.0
MEVChargeHook,733,320.0
MEVChargeHook,734,302.0
MEVChargeHook,735,324.0
MEVChargeHook,736,322.0
MEVChargeHook,737,326.0
MEVChargeHook,738,331.0
MEVChargeHook,739,325.0
MEVChargeHook,740,342.0
MEVChargeHook,741,352.0
MEVChargeHook,742,367.0
MEVChargeHook,743,419.0
MEVChargeHook,744,427.0
MEVChargeHook,745,423.0
MEVChargeHook,746,412.0
MEVChargeHook,747,424.0
MEVChargeHook,748,414.0
MEVChargeHook,749,384.0
MEVChargeHook,750,411.0
MEVChargeHook,751,446.0
MEVChargeHook,752,421.0
MEVChargeHook,753,439.0
MEVChargeHook,754,1000.0
MEVChargeHook,755,1000.0
MEVChargeHook,756,1000.0
MEVChargeHook,758,1000.0
MEVChargeHook,759,1000.0
MEVChargeHook,760,480.0
MEVChargeHook,761,464.0
MEVChargeHook,762,453.0
MEVChargeHook,763,475.0
MEVChargeHook,764,463.0
MEVChargeHook,765,474.0
MEVChargeHook,766,479.0
MEVChargeHook,767,402.0
MEVChargeHook,768,404.0
MEVChargeHook,769,408.0
MEVChargeHook,770,345.0
MEVChargeHook,771,335.0
MEVChargeHook,772,319.0
MEVChargeHook,773,319.0
MEVChargeHook,774,335.0
MEVChargeHook,775,323.0
MEVChargeHook,776,334.0
MEVChargeHook,777,384.0
MEVChargeHook,778,381.0
MEVChargeHook,779,376.0
MEVChargeHook,780,332.0
MEVChargeHook,782,316.0
MEVChargeHook,784,318.0
MEVChargeHook,787,327.0
MEVChargeHook,788,388.0
MEVChargeHook,789,345.0
MEVChargeHook,790,363.0
MEVChargeHook,791,316.0
MEVChargeHook,792,334.0
MEVChargeHook,793,325.0
MEVChargeHook,802,321.0
MEVChargeHook,803,375.0
MEVChargeHook,804,329.0
MEVChargeHook,805,332.0
MEVChargeHook,806,332.0
MEVChargeHook,807,367.0
MEVChargeHook,808,360.0
MEVChargeHook,809,342.0
MEVChargeHook,810,322.0
MEVChargeHook,811,364.0
MEVChargeHook,814,320.0
MEVChargeHook,815,326.0
MEVChargeHook,816,326.0
MEVChargeHook,817,365.0
MEVChargeHook,818,366.0
MEVChargeHook,819,335.0
MEVChargeHook,820,367.0
MEVChargeHook,821,375.0
MEVChargeHook,822,399.0
MEVChargeHook,823,409.0
MEVChargeHook,824,413.0
MEVChargeHook,825,378.0
MEVChargeHook,826,326.0
MEVChargeHook,827,363.0
MEVChargeHook,828,331.0
MEVChargeHook,829,329.0
MEVChargeHook,830,362.0
MEVChargeHook,831,321.0
MEVChargeHook,832,316.0
MEVChargeHook,833,313.0
MEVChargeHook,885,312.0
MEVChargeHook,895,314.0
MEVChargeHook,896,312.0
MEVChargeHook,897,311.0
MEVChargeHook,898,334.0
MEVChargeHook,899,336.0
MEVChargeHook,903,320.0
MEVChargeHook,904,314.0
MEVChargeHook,906,313.0
MEVChargeHook,907,332.0
MEVChargeHook,908,314.0
MEVChargeHook,909,314.0
MEVChargeHook,944,318.0
MEVChargeHook,945,312.0
MEVChargeHook,948,320.0
MEVChargeHook,949,330.0
MEVChargeHook,950,328.0
MEVChargeHook,951,326.0
MEVChargeHook,952,330.0
MEVChargeHook,953,321.0
MEVChargeHook,957,321.0
MEVChargeHook,958,318.0
MEVChargeHook,1093,318.0
MEVChargeHook,1094,314.0
MEVChargeHook,1095,319.0
MEVChargeHook,1096,325.0
MEVChargeHook,1097,369.0
MEVChargeHook,1098,363.0
MEVChargeHook,1099,364.0
MEVChargeHook,1100,359.0
MEVChargeHook,1101,366.0
MEVChargeHook,1102,366.0
MEVChargeHook,1103,387.0
MEVChargeHook,1104,371.0
MEVChargeHook,1105,418.0
MEVChargeHook,1106,446.0
MEVChargeHook,1107,473.0
MEVChargeHook,1108,472.0
MEVChargeHook,1109,454.0
MEVChargeHook,1110,475.0
MEVChargeHook,1111,1000.0
MEVChargeHook,1112,1000.0
MEVChargeHook,1113,1000.0
MEVChargeHook,1114,1000.0
MEVChargeHook,1115,484.0
MEVChargeHook,1116,484.0
MEVChargeHook,1117,486.0
MEVChargeHook,1118,476.0
MEVChargeHook,1121,479.0
MEVChargeHook,1122,479.0
MEVChargeHook,1123,460.0
MEVChargeHook,1124,447.0
MEVChargeHook,1125,434.0
MEVChargeHook,1126,437.0
MEVChargeHook,1128,1000.0
MEVChargeHook,1129,463.0
MEVChargeHook,1130,461.0
MEVChargeHook,1131,444.0
MEVChargeHook,1132,432.0
MEVChargeHook,1133,420.0
MEVChargeHook,1134,425.0
MEVChargeHook,1135,404.0
MEVChargeHook,1136,404.0
MEVChargeHook,1137,396.0
MEVChargeHook,1138,392.0
MEVChargeHook,1139,399.0
MEVChargeHook,1140,407.0
MEVChargeHook,1141,399.0
MEVChargeHook,1142,409.0
MEVChargeHook,1143,415.0
MEVChargeHook,1144,424.0
MEVChargeHook,1145,393.0
MEVChargeHook,1146,391.0
MEVChargeHook,1147,394.0
MEVChargeHook,1148,406.0
MEVChargeHook,1149,405.0
MEVChargeHook,1150,395.0
MEVChargeHook,1151,394.0
MEVChargeHook,1152,388.0
MEVChargeHook,1153,380.0
MEVChargeHook,1154,394.0
MEVChargeHook,1155,390.0
MEVChargeHook,1156,376.0
MEVChargeHook,1157,380.0
MEVChargeHook,1158,376.0
MEVChargeHook,1159,371.0
MEVChargeHook,1160,380.0
MEVChargeHook,1161,383.0
MEVChargeHook,1162,378.0
MEVChargeHook,1163,356.0
MEVChargeHook,1164,350.0
MEVChargeHook,1174,321.0
MEVChargeHook,1278,347.0
MEVChargeHook,1279,352.0
MEVChargeHook,1280,347.0
MEVChargeHook,1283,323.0
MEVChargeHook,1284,340.0
MEVChargeHook,1285,340.0
MEVChargeHook,1286,348.0
MEVChargeHook,1289,340.0
MEVChargeHook,1290,350.0
MEVChargeHook,1291,353.0
MEVChargeHook,1327,345.0
MEVChargeHook,1328,359.0
MEVChargeHook,1329,360.0
MEVChargeHook,1330,347.0
MEVChargeHook,1331,347.0
MEVChargeHook,1332,365.0
MEVChargeHook,1333,383.0
MEVChargeHook,1334,402.0
MEVChargeHook,1335,397.0
MEVChargeHook,1336,403.0
MEVChargeHook,1337,404.0
MEVChargeHook,1338,414.0
MEVChargeHook,1339,424.0
MEVChargeHook,1340,421.0
MEVChargeHook,1341,441.0
MEVChargeHook,1342,440.0
MEVChargeHook,1343,437.0
MEVChargeHook,1344,447.0
MEVChargeHook,1345,447.0
MEVChargeHook,1346,428.0
MEVChargeHook,1347,417.0
MEVChargeHook,1348,411.0
MEVChargeHook,1349,412.0
MEVChargeHook,1350,408.0
MEVChargeHook,1351,406.0
MEVChargeHook,1352,403.0
MEVChargeHook,1353,411.0
MEVChargeHook,1354,409.0
MEVChargeHook,1355,409.0
MEVChargeHook,1356,429.0
MEVChargeHook,1357,403.0
MEVChargeHook,1358,398.0
MEVChargeHook,1359,389.0
MEVChargeHook,1360,395.0
MEVChargeHook,1361,393.0
MEVChargeHook,1362,397.0
MEVChargeHook,1363,388.0
MEVChargeHook,1364,404.0
MEVChargeHook,1365,395.0
MEVChargeHook,1366,421.0
MEVChargeHook,1367,387.0
MEVChargeHook,1368,359.0
MEVChargeHook,1369,350.0
MEVChargeHook,1370,355.0
MEVChargeHook,1371,377.0
MEVChargeHook,1372,370.0
MEVChargeHook,1373,359.0
MEVChargeHook,1374,350.0
MEVChargeHook,1375,360.0
MEVChargeHook,1376,351.0
MEVChargeHook,1377,361.0
MEVChargeHook,1378,359.0
MEVChargeHook,1379,347.0
MEVChargeHook,1380,340.0
MEVChargeHook,1381,383.0
MEVChargeHook,1382,385.0
MEVChargeHook,1383,378.0
MEVChargeHook,1384,359.0
MEVChargeHook,1385,343.0
MEVChargeHook,1386,350.0
MEVChargeHook,1387,355.0
MEVChargeHook,1388,356.0
MEVChargeHook,1389,360.0
MEVChargeHook,1422,342.0
MEVChargeHook,1427,341.0
MEVChargeHook,1428,345.0
MEVChargeHook,1429,347.0
MEVChargeHook,1430,344.0
MEVChargeHook,1431,351.0
MEVChargeHook,1432,368.0
MEVChargeHook,1433,390.0
MEVChargeHook,1434,381.0
MEVChargeHook,1435,391.0
MEVChargeHook,1436,386.0
MEVChargeHook,1437,370.0
MEVChargeHook,1438,367.0
MEVChargeHook,1439,381.0
