kappa,policy,regime,gas_price_wei,median,ci_low,ci_high,n_windows
1.0,VolatilityHook,high,5000000000,500.5453486795677,-156.88178741685988,979.8913156115814,48
1.0,BAHook,high,5000000000,1555.8201284083016,894.2121350385969,2500.602162318639,48
1.0,DAHook,high,5000000000,237.42911563983216,-13.543351801763492,612.1855141115811,48
1.0,ABHook,high,5000000000,-284.2512954247013,-365.9122091265126,-214.92237237897643,48
1.0,MEVChargeHook,high,5000000000,-1231.7182640522697,-2402.265319622711,-584.4602174234242,48
0.1,VolatilityHook,high,5000000000,307.5295117036849,31.5449464078265,742.0343121008054,48
0.1,BAHook,high,5000000000,459.5875346676771,-0.5930124860897195,1216.7683969541686,48
0.1,DAHook,high,5000000000,246.1505063028444,58.62218282441154,563.3491729155467,48
0.1,ABHook,high,5000000000,-104.18537517569939,-139.46319111377124,-78.13124446732036,48
0.1,MEVChargeHook,high,5000000000,-2.2524420490781267,-83.10937909814947,371.1190136818477,48
1.0,VolatilityHook,high,20000000000,-494.7056645473749,-862.0822150560562,79.45400834911925,48
1.0,BAHook,high,20000000000,478.6524920121519,45.57560182148882,1341.7822322752436,48
1.0,DAHook,high,20000000000,-291.3109030128526,-536.5606429544277,93.44151747484648,48
1.0,ABHook,high,20000000000,-766.1553355623328,-861.9925335783755,-508.22480213318704,48
1.0,MEVChargeHook,high,20000000000,-1523.1923947086834,-2915.7428242906644,-246.0520373394611,48
0.1,VolatilityHook,high,20000000000,171.19566362684395,-48.01942791711531,469.98440661713653,48
0.1,BAHook,high,20000000000,360.6172907421071,-123.0748964763552,759.3613824056802,48
0.1,DAHook,high,20000000000,24.627727596299337,-77.26823770185945,152.6486661373783,48
0.1,ABHook,high,20000000000,-151.12300371922652,-206.758346948508,-122.34685809826624,48
0.1,MEVChargeHook,high,20000000000,-110.4840905809898,-224.79840740800864,427.27458171252147,48
1.0,VolatilityHook,high,80000000000,-1729.768157869782,-2420.8879892982404,-952.5608911964555,48
1.0,BAHook,high,80000000000,-822.4249177633355,-1360.2737037764055,-144.73235870064673,48
1.0,DAHook,high,80000000000,-618.5342442002566,-776.5275527180693,-528.6198499022294,48
1.0,ABHook,high,80000000000,-1138.581743809892,-1390.287222028368,-900.1271759563424,48
1.0,MEVChargeHook,high,80000000000,-1919.0934158108503,-2527.8422807801853,-629.0246203502629,48
0.1,VolatilityHook,high,80000000000,191.94046179326392,-21.4832387122824,1085.2629619441977,48
0.1,BAHook,high,80000000000,6.098364009776674,-99.90958191084519,498.7899827288485,48
0.1,DAHook,high,80000000000,-154.1909189249293,-257.39316429476276,-68.12264491819087,48
0.1,ABHook,high,80000000000,-224.70281760735423,-306.11639430307787,-161.18038254367775,48
0.1,MEVChargeHook,high,80000000000,10.839520242755555,-299.3480171538886,418.00393843085976,48
1.0,VolatilityHook,mid,5000000000,-149.63284021157142,-336.93607884531275,102.46494153563071,48
1.0,BAHook,mid,5000000000,366.68524637150404,115.46090360713788,571.0676534527738,48
1.0,DAHook,mid,5000000000,-26.077784596977835,-158.62371234255124,178.3430942133018,48
1.0,ABHook,mid,5000000000,-177.024539543826,-228.36772860678684,-120.73498208890305,48
1.0,MEVChargeHook,mid,5000000000,-1001.4347294388122,-1376.6548191377442,-772.7486582054489,48
0.1,VolatilityHook,mid,5000000000,-15.86877249508916,-107.11907355461676,47.201414173892545,48
0.1,BAHook,mid,5000000000,97.83916279516666,-142.650314485717,140.96844786926067,48
0.1,DAHook,mid,5000000000,-47.008210169072356,-129.21152741001333,8.870573006417999,48
0.1,ABHook,mid,5000000000,-70.93084727432267,-86.6282646506761,-59.40695382506601,48
0.1,MEVChargeHook,mid,5000000000,-81.02814576873129,-140.19854282123424,-52.01579806832888,48
1.0,VolatilityHook,mid,20000000000,-873.6460632562894,-1090.9611162862202,-703.2220408858041,48
1.0,BAHook,mid,20000000000,-138.7827235093764,-362.9634283593614,28.883003848863154,48
1.0,DAHook,mid,20000000000,-322.80597662411856,-446.1072952832392,-194.45162065638215,48
1.0,ABHook,mid,20000000000,-477.64147777704056,-600.3872935018953,-407.420920308381,48
1.0,MEVChargeHook,mid,20000000000,-1324.4030325189751,-1776.1449105483298,-896.3554842302694,48
0.1,VolatilityHook,mid,20000000000,-24.174277862093618,-103.85150738545133,49.905124515666074,48
0.1,BAHook,mid,20000000000,-45.144579366984885,-164.6360653241503,45.97140532987669,48
0.1,DAHook,mid,20000000000,-79.95176195825479,-113.07190254428633,-37.19659825779854,48
0.1,ABHook,mid,20000000000,-86.9040953163651,-103.87203147362197,-57.126009951562764,48
0.1,MEVChargeHook,mid,20000000000,-92.772522140624,-146.08752235773784,-11.503767988561549,48
1.0,VolatilityHook,mid,80000000000,-1490.2324684697987,-1669.9054033294506,-1331.2486904838884,48
1.0,BAHook,mid,80000000000,-770.8734679654972,-930.2237959419886,-611.2948011889966,48
1.0,DAHook,mid,80000000000,-547.7870463965005,-668.2751111176167,-391.11844726137133,48
1.0,ABHook,mid,80000000000,-669.571791184017,-904.7640394172713,-485.80313847717116,48
1.0,MEVChargeHook,mid,80000000000,-1189.999062741344,-1624.281864468816,-917.7396303647365,48
0.1,VolatilityHook,mid,80000000000,34.23829003701883,-66.75607965352219,102.74295470023526,48
0.1,BAHook,mid,80000000000,-128.65883098235474,-201.51621034078127,-60.84590383448048,48
0.1,DAHook,mid,80000000000,-54.614743482315916,-85.22473664142672,-29.193808340322903,48
0.1,ABHook,mid,80000000000,-84.79317010821751,-120.25650540260153,-42.84637161175942,48
0.1,MEVChargeHook,mid,80000000000,-127.90554765250988,-185.86488597772336,-65.47735297735159,48
1.0,VolatilityHook,low,5000000000,-314.6291074819014,-457.83010515863134,-214.49072022337168,48
1.0,BAHook,low,5000000000,7.497838473743741,-210.19698798885474,214.11437087796457,48
1.0,DAHook,low,5000000000,-110.04377530290321,-156.96172853612916,-35.23851544003446,48
1.0,ABHook,low,5000000000,-148.0304712472407,-196.6199342194668,-126.17142914849319,48
1.0,MEVChargeHook,low,5000000000,-753.4316246842354,-1082.6040494791614,-525.1011144559798,48
0.1,VolatilityHook,low,5000000000,-112.91006017362474,-148.79750711561542,-99.6073756199645,48
0.1,BAHook,low,5000000000,-101.64481521119095,-178.97147538706992,-39.80224092095875,48
0.1,DAHook,low,5000000000,-60.89563645423232,-108.61495306898018,-9.261067871572564,48
0.1,ABHook,low,5000000000,-48.6015463623595,-60.23604558682911,-35.775811593694016,48
0.1,MEVChargeHook,low,5000000000,-67.28175173777947,-123.53927032943278,-54.43544110678158,48
1.0,VolatilityHook,low,20000000000,-790.3990817969095,-892.6960425208708,-711.4448252484978,48
1.0,BAHook,low,20000000000,-214.3044728220343,-390.18696429059,-133.53690006804027,48
1.0,DAHook,low,20000000000,-167.56587261925029,-224.87521421619658,-116.75882981733594,48
1.0,ABHook,low,20000000000,-383.567563253064,-437.53659070098365,-308.2354899901093,48
1.0,MEVChargeHook,low,20000000000,-840.6747362441097,-1281.6752171064,-574.7410667180993,48
0.1,VolatilityHook,low,20000000000,-89.2594714286655,-116.94715981343722,-73.63148786740226,48
0.1,BAHook,low,20000000000,-97.56003387131881,-160.04884518643803,-35.1026474635441,48
0.1,DAHook,low,20000000000,-48.21009144937301,-71.86430576334237,-34.44117652223962,48
0.1,ABHook,low,20000000000,-51.702781834803204,-69.19565289620414,-39.57413622380997,48
0.1,MEVChargeHook,low,20000000000,-75.42103053628045,-125.25805803475168,-36.797595128802925,48
1.0,VolatilityHook,low,80000000000,-1099.4810062442725,-1236.7066077309514,-885.4174947760775,48
1.0,BAHook,low,80000000000,-637.7264742264429,-803.8973136698605,-466.7137365157041,48
1.0,DAHook,low,80000000000,-356.7433777741212,-449.99758133216164,-294.69520222991423,48
1.0,ABHook,low,80000000000,-523.0638393612869,-609.8688097422687,-407.3781115200568,48
1.0,MEVChargeHook,low,80000000000,-737.0961427932502,-1129.4507469260388,-541.5230823140646,48
0.1,VolatilityHook,low,80000000000,-45.043634255512416,-71.81931415691577,3.9202015217383632,48
0.1,BAHook,low,80000000000,-76.10849186006124,-110.6700902436172,-37.28316583281912,48
0.1,DAHook,low,80000000000,-4.50349616672375,-21.907430535206515,4.327966454132877,48
0.1,ABHook,low,80000000000,-20.783925619876584,-52.041726097795845,1.5299826739833406,48
0.1,MEVChargeHook,low,80000000000,-53.99273729477494,-106.1097386354536,-35.448870417180956,48
